Product name,Description,Colours,Price,Sale Price,Discount,Product Link
Nike Downshifter 10,Men's Running Shoe,1 Colour,"₹3,995","₹3,597",10%,https://www.nike.com/in/t/downshifter-10-running-shoe-CrpbbD/CI9981-007
Nike 50 Tech Fleece,Men's Jacket,1 Colour,"₹6,995","₹5,597",20%,https://www.nike.com/in/t/50-tech-fleece-jacket-jm3s9s/CJ4501-902
NikeCourt Blanc,Women's Shoe,2 Colours,"₹5,995","₹4,797",20%,https://www.nike.com/in/t/nikecourt-blanc-shoe-lKw62P/CI0808-102
Jordan Zoom Trunner Ultimate,Running Shoe,1 Colour,"₹12,995","₹10,397",20%,https://www.nike.com/in/t/jordan-zoom-trunner-ultimate-running-shoe-m4qD81/CJ1495-101
Nike Joyride Dual Run,Men's Running Shoe,5 Colours,"₹10,995","₹7,697",30%,https://www.nike.com/in/t/joyride-dual-run-running-shoe-l272g9/CD4365-401
Nike Odyssey React,Women's Running Shoe,1 Colour,"₹11,995","₹9,597",20%,https://www.nike.com/in/t/odyssey-react-running-shoe-WwvnkS/AO9820-403
Jordan 23 Engineered,Men's Nylon Trousers,1 Colour,"₹5,995","₹4,797",20%,https://www.nike.com/in/t/jordan-23-engineered-nylon-trousers-qPGfvN/CN4580-446
Nike Air Zoom Winflo 7,Women's Running Shoe,1 Colour,"₹7,995","₹6,397",20%,https://www.nike.com/in/t/air-zoom-wio-7-running-shoe-gHLjtw/CJ0302-003
Nike Sportswear,Older Kids' (Girls') Crew,1 Colour,"₹2,695","₹2,157",20%,https://www.nike.com/in/t/sportswear-older-crew-ZxQGCT/CK2775-085
Nike Air Max 90,Men's Shoe,3 Colours,"₹9,995","₹6,997",30%,https://www.nike.com/in/t/air-max-90-shoe-mNsXT4/CT4352-100
Nike Benassi JDI,Men's Slide,2 Colours,"₹2,495","₹1,997",20%,https://www.nike.com/in/t/benassi-jdi-slide-1qTb7loE/343880-032
Nike Tanjun,Men's Shoe,2 Colours,"₹4,795","₹3,357",30%,https://www.nike.com/in/t/tanjun-shoe-v2TE01RG/812654-414
Kyrie 6 EP,Basketball Shoe,3 Colours,"₹10,995","₹7,697",30%,https://www.nike.com/in/t/kyrie-6-ep-basketball-shoe-0tRPJ4/BQ4631-004
Nike Sportswear Tech Fleece,Men's Joggers,1 Colour,"₹5,495","₹3,847",30%,https://www.nike.com/in/t/sportswear-tech-fleece-joggers-KyTww3X2/805163-010
KD Trey 5 VIII EP,Basketball Shoe,2 Colours,"₹7,995","₹6,397",20%,https://www.nike.com/in/t/kd-trey-5-viii-ep-basketball-shoe-k4bhfx/CK2089-001
Nike ACG React Terra Gobe,Men's Shoe,2 Colours,"₹12,995","₹7,797",40%,https://www.nike.com/in/t/acg-react-terra-gobe-shoe-dPNBmz/BV6344-701
Nike Air Max 90,Women's Shoe,1 Colour,"₹9,995","₹6,997",30%,https://www.nike.com/in/t/air-max-90-shoe-n0nRmX/CT1030-100
Nike Sportswear JDI,Men's Woven Jacket,2 Colours,"₹4,995","₹3,997",20%,https://www.nike.com/in/t/sportswear-jdi-woven-jacket-qZRHtH/CQ8924-010
Nike Cortez Basic SL SE,Older Kids' Shoe,1 Colour,"₹6,495","₹5,197",20%,https://www.nike.com/in/t/cortez-basic-sl-se-older-shoe-DwPGc9/CJ2421-400
Nike Sportswear,Older Kids' (Girls') Shorts,1 Colour,"₹1,695","₹1,357",20%,https://www.nike.com/in/t/sportswear-older-shorts-qxgzqR/CK2767-085
LeBron 17,Basketball Shoe,3 Colours,"₹16,995","₹13,597",20%,https://www.nike.com/in/t/lebron-17-basketball-shoe-JqmdXg/BQ3177-100
Korea 2020 Stadium Home,Men's Football Shirt,1 Colour,"₹4,695","₹3,757",20%,https://www.nike.com/in/t/korea-2020-stadium-home-football-shirt-dc1DkS/CD0714-653
Nike Air Max 270 Special Edition,Shoe,2 Colours,"₹14,995","₹7,497",50%,https://www.nike.com/in/t/air-max-270-special-edition-shoe-p6kvPJ/CQ6549-001
Nike Air Max 98,Women's Shoe,1 Colour,"₹16,995","₹13,597",20%,https://www.nike.com/in/t/air-max-98-shoe-lFP060/CI3709-102
Nike Air Max Verona,Women's Shoe,1 Colour,"₹9,995","₹6,997",30%,https://www.nike.com/in/t/air-max-verona-shoe-BN7zWH/CZ6156-101
Nike Air Max 2090,Men's Shoe,4 Colours,"₹11,995","₹8,397",30%,https://www.nike.com/in/t/air-max-2090-shoe-cJ657M/BV9977-002
Nike Air Max 2090,Men's Shoe,1 Colour,"₹13,995","₹9,797",30%,https://www.nike.com/in/t/air-max-2090-shoe-mVrb8x/CU9174-600
Nike MX-720-818,Younger/Older Kids' Shoe,1 Colour,"₹11,995","₹7,197",40%,https://www.nike.com/in/t/mx-720-818-younger-older-shoe-R9rZBX/CQ4010-001
Nike Pro Flex Repel,Men's Shorts,1 Colour,"₹3,695","₹2,957",20%,https://www.nike.com/in/t/pro-flex-repel-shorts-P1cpmd/CD4318-010
Nike Renew Rival,Women's Running Shoe,1 Colour,"₹7,295","₹5,837",20%,https://www.nike.com/in/t/renew-rival-running-shoe-fWrDlk/AA7411-001
Nike Air Max Verona,Women's Shoe,2 Colours,"₹9,995","₹6,997",30%,https://www.nike.com/in/t/air-max-verona-shoe-t0PMzF/CI9842-001
Nike Sportswear NSW,Men's Knit Tank,1 Colour,"₹3,495","₹2,797",20%,https://www.nike.com/in/t/sportswear-nsw-knit-tank-tFjs9l/CJ5080-367
Nike Victory,Women's Swim Hijab,1 Colour,"₹2,900","₹1,737",40%,https://www.nike.com/in/t/victory-swim-hijab-WZZF9f/CZ2307-410
Nike Air Max 720,Men's Shoe,1 Colour,"₹15,995","₹11,197",30%,https://www.nike.com/in/t/air-max-720-shoe-NjKC7m/CI3870-100
Nike Air Max Triax 96 SP,Men's Shoe,1 Colour,"₹12,995","₹9,097",30%,https://www.nike.com/in/t/air-max-triax-96-sp-shoe-mdTgcD/CT5543-300
Nike ZoomX Vista Grind SP,Women's Shoe,1 Colour,"₹14,995","₹10,497",30%,https://www.nike.com/in/t/zoomx-vista-grind-sp-shoe-RqlK3x/CT5770-001
Nike React Infinity Run Flyknit Premium,Women's Running Shoe,1 Colour,"₹14,995","₹11,997",20%,https://www.nike.com/in/t/react-infinity-run-flyknit-running-shoe-ptTZmx/CU0430-001
Nike Air Max 270 SE,Men's Shoe,2 Colours,"₹13,995","₹8,397",40%,https://www.nike.com/in/t/air-max-270-se-shoe-rk40N4/CD6615-400
Nike Air Max 270 React SE,Men's Shoe,1 Colour,"₹13,995","₹9,797",30%,https://www.nike.com/in/t/air-max-270-react-se-shoe-tsRhSL/CT1265-300
Nike Air VaporMax Flyknit 3,Men's Shoe,2 Colours,"₹16,995","₹13,597",20%,https://www.nike.com/in/t/air-vapormax-flyknit-3-shoe-bLz28S/CT1270-002
Nike Sportswear NSW,Women's Jacket,1 Colour,"₹5,995","₹4,797",20%,https://www.nike.com/in/t/sportswear-nsw-jacket-G6QfJS/CV9032-010
Nike Air Max 270 Extreme,Older Kids' Shoe,2 Colours,"₹9,995","₹7,997",20%,https://www.nike.com/in/t/air-max-270-extreme-older-shoe-RC0bDl/CI1108-500
Nike Air,Women's Mock Tank,1 Colour,"₹2,195","₹1,757",20%,https://www.nike.com/in/t/air-mock-tank-tFhxnK/CJ3783-500
Nike Sportswear Varsity,Women's Short-Sleeve Top,1 Colour,"₹2,795","₹1,677",40%,https://www.nike.com/in/t/sportswear-varsity-short-sleeve-top-NZsgxx/CK1302-487
Nike Air Max Triax 96,Men's Shoe,2 Colours,"₹10,995","₹5,497",50%,https://www.nike.com/in/t/air-max-triax-96-shoe-LbzNBF/CD2053-106
Nike Air Max 200,Women's Shoe,1 Colour,"₹9,995","₹5,997",40%,https://www.nike.com/in/t/air-max-200-shoe-s3wL1Q/AT6175-100
PG 4 EP,Basketball Shoe,3 Colours,"₹8,995","₹7,197",20%,https://www.nike.com/in/t/pg-4-ep-basketball-shoe-4WnQdd/CD5082-003
Nike Joyride Dual Run,Women's Running Shoe,1 Colour,"₹10,995","₹8,797",20%,https://www.nike.com/in/t/joyride-dual-run-running-shoe-C3x99d/CD4363-001
Nike Odyssey React Flyknit 2,Women's Running Shoe,2 Colours,"₹9,995","₹7,997",20%,https://www.nike.com/in/t/odyssey-react-flyknit-2-running-shoe-78xGg4/AH1016-500
Nike Sportswear,Women's Woven Printed Jacket,1 Colour,"₹4,995","₹2,997",40%,https://www.nike.com/in/t/sportswear-woven-printed-jacket-7rcV7t/CJ3720-010
Nike Air Max 720 OBJ Slip,Men's Shoe,2 Colours,"₹16,995","₹13,597",20%,https://www.nike.com/in/t/air-max-720-obj-slip-shoe-3ZdbfC/DA4155-100
Nike Air Ghost Racer,Men's Shoe,2 Colours,"₹9,995","₹5,997",40%,https://www.nike.com/in/t/air-ghost-racer-shoe-CClwQd/AT5410-003
Nike Swoosh Ultra Breathe,Women's Medium-Support Sports Bra,1 Colour,"₹3,695","₹2,957",20%,https://www.nike.com/in/t/swoosh-ultra-breathe-support-sports-bra-M3T69Q/CJ0150-532
Nike Air Max 720 SE,Women's Shoe,1 Colour,"₹15,995","₹11,197",30%,https://www.nike.com/in/t/air-max-720-se-shoe-gt8fV7/CJ0632-100
Nike ACG MOC 3.0,Shoe,1 Colour,"₹7,995","₹6,397",20%,https://www.nike.com/in/t/acg-moc-3-shoe-FlT80K/CW2463-300
Nike Sportswear City Ready,Women's Cropped Jacket,1 Colour,"₹7,995","₹6,397",20%,https://www.nike.com/in/t/sportswear-city-ready-cropped-jacket-FQbKn7/CJ4009-010
NikeLab Collection,Women's T-Shirt,1 Colour,"₹3,095","₹2,477",20%,https://www.nike.com/in/t/nikelab-collection-t-shirt-zgX3Z4/923832-010
Nike Sportswear,Women's Trousers,1 Colour,"₹4,495","₹2,697",40%,https://www.nike.com/in/t/sportswear-trousers-83Shnz/CJ2049-051
Nike Sportswear Windrunner,Men's Woven Trousers,2 Colours,"₹3,995","₹3,197",20%,https://www.nike.com/in/t/sportswear-windrunner-woven-trousers-QT09tl/CJ5485-499
Nike Air Max Tailwind 99,Shoe,2 Colours,"₹15,995","₹9,597",40%,https://www.nike.com/in/t/air-max-tailwind-99-shoe-995B05/CQ6569-001
Nike Drop-Type Premium,Men's Shoe,2 Colours,"₹6,995","₹5,597",20%,https://www.nike.com/in/t/drop-type-shoe-PS60d2/CN6916-100
Nike Yoga,Men's Short-Sleeve Top,2 Colours,"₹2,495","₹1,997",20%,https://www.nike.com/in/t/yoga-short-sleeve-top-B5P1z2/BV4035-814
Nike x MMW Joyride CC3 Setter,Shoe,2 Colours,"₹16,995","₹8,497",50%,https://www.nike.com/in/t/mmw-joyride-cc3-setter-shoe-JtXqVN/CU7623-002
Nike Yoga Luxe,Women's Infinalon Jumpsuit,1 Colour,"₹3,695","₹2,957",20%,https://www.nike.com/in/t/yoga-luxe-infinalon-jumpsuit-5Xs3jH/CJ5279-010
Nike Sportswear,Older Kids' (Boys') Trousers,1 Colour,"₹3,295","₹2,307",30%,https://www.nike.com/in/t/sportswear-older-trousers-1WMq3t/CJ7831-402
Nike Sportswear,Women's T-Shirt,2 Colours,"₹1,495","₹1,197",20%,https://www.nike.com/in/t/sportswear-t-shirt-qm15gz/CT8906-100
Nike Sportswear,Women's Printed Jacket,2 Colours,"₹5,495","₹4,397",20%,https://www.nike.com/in/t/sportswear-printed-jacket-Rdx0R6/CJ3882-623
Nike MX-720-818,Men's Shoe,1 Colour,"₹15,995","₹12,797",20%,https://www.nike.com/in/t/mx-720-818-shoe-s6Cxx2/CT1266-101
Nike Dri-FIT KD,Men's Fleece Basketball Shorts,2 Colours,"₹2,995","₹2,097",30%,https://www.nike.com/in/t/dri-fit-kd-fleece-basketball-shorts-NMj7Z5/CD0370-347
Nike CruzrOne,Unisex Shoe,3 Colours,"₹12,995","₹10,397",20%,https://www.nike.com/in/t/cruzrone-shoe-l6XXkk/CD7307-100
Nike Sportswear,Women's Short-Sleeve Top,1 Colour,"₹2,495","₹1,747",30%,https://www.nike.com/in/t/sportswear-short-sleeve-top-7xlXcc/CJ3632-010
Nike AlphaDunk,Basketball Shoe,1 Colour,"₹15,995","₹9,597",40%,https://www.nike.com/in/t/alphadunk-basketball-shoe-qh0qTV/BQ5401-900
Nike Sportswear,Men's T-Shirt,2 Colours,"₹1,695","₹1,357",20%,https://www.nike.com/in/t/sportswear-t-shirt-JZNtqV/CT6869-100
PG 4 EP,Basketball Shoe,1 Colour,"₹8,995","₹8,097",10%,https://www.nike.com/in/t/pg-4-ep-basketball-shoe-9FgFQx/CD5086-700
Nike Yoga,Women's 7/8 Tights,1 Colour,"₹3,495","₹2,797",20%,https://www.nike.com/in/t/yoga-7-8-tights-9fzxFm/CJ3832-010
Nike React Vision,Men's Shoe,4 Colours,"₹10,995","₹7,697",30%,https://www.nike.com/in/t/react-vision-shoe-lhpBwx/CD4373-102
Nike Mercurial Superfly 7 Club TF,Artificial-Turf Football Shoe,1 Colour,"₹5,995","₹4,797",20%,https://www.nike.com/in/t/mercurial-superfly-7-club-tf-artificial-football-shoe-GVrb1G/AT7980-606
Nike Sportswear,Women's T-Shirt,2 Colours,"₹1,695","₹1,357",20%,https://www.nike.com/in/t/sportswear-t-shirt-SFwRB5/CT8913-336
Nike Phantom Vision 2 Academy Dynamic Fit MG,Multi-Ground Football Boot,2 Colours,"₹8,495","₹5,947",30%,https://www.nike.com/in/t/phantom-vision-2-academy-dynamic-fit-mg-multi-ground-football-boot-hDZzP0/CD4156-606
Nike Explore Strada,Women's Shoe,1 Colour,"₹4,995","₹2,997",40%,https://www.nike.com/in/t/explore-strada-shoe-5k3pzd/CD7091-003
The Nike Polo,Unisex Polo,2 Colours,"₹2,995","₹2,097",30%,https://www.nike.com/in/t/polo-polo-HMmgZH/CI9772-451
Nike Air Force 1 '07 Premium,Men's Shoe,1 Colour,"₹10,995","₹8,797",20%,https://www.nike.com/in/t/air-force-1-07-shoe-Zl8qsV/CK4392-100
Nike Sportswear,Men's Swoosh T-Shirt,1 Colour,"₹1,495","₹1,197",20%,https://www.nike.com/in/t/sportswear-swoosh-t-shirt-3s8Rw3/CT6872-657
Jordan 'Why Not?' Zer0.3 PF,Men's Basketball Shoe,4 Colours,"₹10,995","₹7,697",30%,https://www.nike.com/in/t/jordan-why-not-zer03-pf-basketball-shoe-nNTc80/CD3002-003
Nike Sportswear,Women's Printed Dress,2 Colours,"₹2,795","₹1,957",30%,https://www.nike.com/in/t/sportswear-printed-dress-gx38lT/CJ3626-435
Nike Air Swoosh,Women's Medium-Support 1-Piece Pad Sports Bra,2 Colours,"₹2,095","₹1,677",20%,https://www.nike.com/in/t/air-swoosh-support-1-piece-pad-sports-bra-v9ghkT/CJ0701-010
Nike 50,Men's Shorts,1 Colour,"₹4,995","₹3,997",20%,https://www.nike.com/in/t/50-shorts-n9t2vl/CJ5489-902
Nike Swoosh UltraBreathe City Ready,Women's Medium-Support Sports Bra,2 Colours,"₹4,295","₹3,437",20%,https://www.nike.com/in/t/swoosh-ultrabreathe-city-ready-support-sports-bra-FRFkt9/CN1449-010
Nike,Men's Short-Sleeve Training Top,1 Colour,"₹2,495","₹1,997",20%,https://www.nike.com/in/t/short-sleeve-training-top-7BHkhF/CJ4743-100
Nike Dri-FIT Academy Pro,Men's Football Shorts,1 Colour,"₹1,495","₹1,197",20%,https://www.nike.com/in/t/dri-fit-academy-pro-football-shorts-Mmf7s7/BV6925-010
Nike Mercurial Vapor 13 Club Neymar Jr. TF,Artificial-Turf Football Shoe,1 Colour,"₹5,495","₹4,397",20%,https://www.nike.com/in/t/mercurial-vapor-13-club-neymar-jr-tf-artificial-football-shoe-GQ87sR/AT8000-104
Nike Air Max 200,Women's Shoe,1 Colour,"₹9,995","₹5,997",40%,https://www.nike.com/in/t/air-max-200-shoe-mrjnN5/CI3867-001
Air Jordan 14 Retro,Shoe,1 Colour,"₹17,995","₹14,397",20%,https://www.nike.com/in/t/air-jordan-14-retro-shoe-G7BqkW/487471-003
Nike Air Streak Lite,Men's Shoe,1 Colour,"₹8,995","₹7,197",20%,https://www.nike.com/in/t/air-streak-lite-shoe-7JMz8b/CD4387-002
Nike Blazer Low,Men's Shoe,1 Colour,"₹6,995","₹5,597",20%,https://www.nike.com/in/t/blazer-low-shoe-FRdCCk/CZ1089-100
Air Jordan 11 Retro Low,Men's Shoe,1 Colour,"₹16,995","₹11,897",30%,https://www.nike.com/in/t/air-jordan-11-retro-low-shoe-Xnln0p/528895-003
Nike Air Max 97 On Air Jasmine Lasode,Shoe,1 Colour,"₹16,995","₹13,597",20%,https://www.nike.com/in/t/air-max-97-on-air-jasmine-lasode-shoe-P4kRVC/CI1504-100
Nike Air Max 2090,Women's Shoe,1 Colour,"₹11,995","₹8,397",30%,https://www.nike.com/in/t/air-max-2090-shoe-pFw0CK/CW4286-100
Jordan Jumpman Classics,Men's Windwear Jacket,1 Colour,"₹5,495","₹3,297",40%,https://www.nike.com/in/t/jordan-jumpman-classics-windwear-jacket-1rhHCT/CT9368-011
Nike Air Zoom SuperRep,Men's HIIT Class Shoe,1 Colour,"₹9,995","₹7,997",20%,https://www.nike.com/in/t/air-zoom-superrep-hiit-class-shoe-4VjdKB/CD3460-443
Nike Sportswear,Men's T-Shirt,1 Colour,"₹1,695","₹1,187",30%,https://www.nike.com/in/t/sportswear-t-shirt-fq1t2k/CT6591-010
Nike Sportswear,Men's T-Shirt,1 Colour,"₹1,995","₹1,597",20%,https://www.nike.com/in/t/sportswear-t-shirt-w9CHRW/CU6929-100
Nike Sportswear,Women's Romper,2 Colours,"₹3,695","₹2,957",20%,https://www.nike.com/in/t/sportswear-romper-24sw1v/CJ2292-010
Nike Flex,Men's Woven Training Shorts,1 Colour,"₹1,795","₹1,437",20%,https://www.nike.com/in/t/flex-woven-training-shorts-x2zSvp/927527-010
Nike Zoom Pegasus Turbo 2,Women's Running Shoe,2 Colours,"₹15,995","₹9,597",40%,https://www.nike.com/in/t/zoom-pegasus-turbo-2-running-shoe-sQMJVQ/AT8242-301
Nike Sportswear,Men's T-Shirt,2 Colours,"₹1,695","₹1,187",30%,https://www.nike.com/in/t/sportswear-t-shirt-ntDhhX/CT6885-100
Nike Sportswear,Women's T-Shirt,1 Colour,"₹1,995","₹1,597",20%,https://www.nike.com/in/t/sportswear-t-shirt-gdPF6N/CT8915-436
Portland Thorns F.C. 2020 Stadium Away,Women's Football Shirt,1 Colour,"₹4,695","₹3,287",30%,https://www.nike.com/in/t/portland-thorns-fc-2020-stadium-away-football-shirt-j0DMWg/CD2452-101
Nike Max 90 Cot,Baby Bootie,1 Colour,"₹2,995","₹2,097",30%,https://www.nike.com/in/t/max-90-cot-bootie-B2k6zs/CI0424-104
Nike Dri-FIT Trophy,Older Kids' (Boys') Training Shorts,1 Colour,"₹1,095",₹877,20%,https://www.nike.com/in/t/dri-fit-trophy-older-training-shorts-NW5p5v/939655-010
Nike Alpha,Women's High-Support Sports Bra,1 Colour,"₹2,795","₹2,237",20%,https://www.nike.com/in/t/alpha-high-support-sports-bra-62CvPl/AJ0844-623
Nike Sportswear,Men's Swoosh T-Shirt,2 Colours,"₹1,995","₹1,597",20%,https://www.nike.com/in/t/sportswear-swoosh-t-shirt-c94PDZ/CW0314-010
Nike MX-720-818,Men's Shoe,1 Colour,"₹15,995","₹12,797",20%,https://www.nike.com/in/t/mx-720-818-shoe-WsKqWW/CW7475-001
Nike Drop-Type,Men's Shoe,4 Colours,"₹5,995","₹4,797",20%,https://www.nike.com/in/t/drop-type-shoe-1fZrf5/CQ0989-103
Freak 1 Employee of the Month,Older Kids' Basketball Shoe,1 Colour,"₹7,495","₹5,247",30%,https://www.nike.com/in/t/freak-1-employee-of-month-older-basketball-shoe-65JQs9/CU1487-001
Nike Dri-FIT,Men's Tapered Training Trousers,1 Colour,"₹3,295","₹2,637",20%,https://www.nike.com/in/t/dri-fit-tapered-training-trousers-1snwmG/CU6776-451
Kyrie Flytrap 3 EP,Basketball Shoe,1 Colour,"₹6,495","₹5,197",20%,https://www.nike.com/in/t/kyrie-flytrap-3-ep-basketball-shoe-0qb5vw/CD0191-008
Nike Vista Lite,Women's Shoe,1 Colour,"₹7,995","₹6,397",20%,https://www.nike.com/in/t/vista-lite-shoe-m10k0k/CI0905-102
Nike Yoga Luxe,Women's Infinalon Cropped Tank,2 Colours,"₹2,795","₹2,237",20%,https://www.nike.com/in/t/yoga-luxe-infinalon-cropped-tank-cRqJjN/CJ3666-569
Nike Tiempo Legend 8 Academy IC,Indoor/Court Football Shoe,1 Colour,"₹6,495","₹4,547",30%,https://www.nike.com/in/t/tiempo-legend-8-academy-ic-indoor-court-football-shoe-fdZTh0/AT6099-606
Nike Instacool,Older Kids' (Girls') Training Top,1 Colour,"₹2,495","₹1,997",20%,https://www.nike.com/in/t/instacool-older-training-top-9VX5Jv/CJ7691-664
Nike Air Max 90,Men's Shoe,1 Colour,"₹13,995","₹8,397",40%,https://www.nike.com/in/t/air-max-90-shoe-F4XzR7/CU0675-300
Nike Air Max 200,Men's Shoe,1 Colour,"₹9,995","₹5,997",40%,https://www.nike.com/in/t/air-max-200-shoe-3Cssr7/CI3865-400
Nike Mercurial Superfly 7 Academy MDS TF,Artificial-Turf Football Shoe,1 Colour,"₹8,995","₹6,297",30%,https://www.nike.com/in/t/mercurial-superfly-7-academy-mds-tf-artificial-football-shoe-WNJLxr/BQ5435-703
LeBron 17 Low Tune Squad,Basketball Shoe,2 Colours,"₹13,995","₹9,797",30%,https://www.nike.com/in/t/lebron-17-low-tune-squad-basketball-shoe-kFcJdF/CD5007-100
Zoom Freak 1 'Employee of the Month',Basketball Shoe,1 Colour,"₹9,995","₹6,997",30%,https://www.nike.com/in/t/zoom-freak-1-employee-of-month-basketball-shoe-H14P6b/CD4962-001
Jordan Legacy AJ11,Men's Printed Shorts,1 Colour,"₹2,795","₹2,237",20%,https://www.nike.com/in/t/jordan-legacy-aj11-printed-shorts-rcCKj4/CW0840-100
Nike Air Max 720,Women's Shoe,1 Colour,"₹15,995","₹11,197",30%,https://www.nike.com/in/t/air-max-720-shoe-Mj6TKz/CI3868-001
Nike Sportswear,Men's T-Shirt,2 Colours,"₹1,695","₹1,357",20%,https://www.nike.com/in/t/sportswear-t-shirt-f7X65n/CT6528-871
Nike Dri-FIT Victory,Women's Printed Golf Polo,2 Colours,"₹2,195","₹1,317",40%,https://www.nike.com/in/t/dri-fit-victory-printed-golf-polo-tndG1d/BV0220-010
Nike Quest 2,Men's Running Shoe,2 Colours,"₹5,995","₹4,197",30%,https://www.nike.com/in/t/quest-2-running-shoe-Rk7JBT/CI3787-001
Nike Flight,Basketball T-Shirt,1 Colour,"₹1,995","₹1,597",20%,https://www.nike.com/in/t/flight-basketball-t-shirt-Cd7Lv4/CD1315-492
Nike Joyride Run Flyknit,Women's Running Shoe,2 Colours,"₹14,995","₹10,497",30%,https://www.nike.com/in/t/joyride-run-flyknit-running-shoe-c68bBX/AQ2731-001
Nike Yoga,Women's Trousers,1 Colour,"₹3,695","₹2,217",40%,https://www.nike.com/in/t/yoga-trousers-bsVbBP/CJ3828-050
NikeCourt Air Zoom Vapor X,Women's Hard-Court Tennis Shoe,1 Colour,"₹14,995","₹11,997",20%,https://www.nike.com/in/t/nikecourt-air-zoom-vapor-hard-court-tennis-shoe-WKstk0/AA8027-406
Nike Air Max 200,Older Kids' Shoe,1 Colour,"₹7,995","₹5,597",30%,https://www.nike.com/in/t/air-max-200-older-shoe-KscS2x/CT9632-100
Nike Sportswear Heritage Windrunner,Men's Woven Jacket,4 Colours,"₹5,495","₹4,397",20%,https://www.nike.com/in/t/sportswear-heritage-windrunner-woven-jacket-6qtSTg/CJ4359-100
Nike x Undercover React,Boot,2 Colours,"₹16,995","₹8,497",50%,https://www.nike.com/in/t/undercover-react-boot-727MRT/CJ6971-200
Nike Renew Ride,Women's Running Shoe,1 Colour,"₹5,995","₹4,797",20%,https://www.nike.com/in/t/renew-ride-running-shoe-HPz0x5/CD0314-003
Nike Air Max 98 SE,Women's Shoe,2 Colours,"₹15,995","₹11,197",30%,https://www.nike.com/in/t/air-max-98-se-shoe-wJ5CtT/CI7379-600
Nike Swoosh Icon Clash,Women's Medium-Support Sports Bra,2 Colours,"₹2,095","₹1,677",20%,https://www.nike.com/in/t/swoosh-icon-clash-support-sports-bra-0nfd1m/CV9504-010
Nike Mercurial Vapor 13 Academy MDS TF,Artificial-Turf Football Shoe,1 Colour,"₹7,495","₹5,247",30%,https://www.nike.com/in/t/mercurial-vapor-13-academy-mds-tf-artificial-football-shoe-hMZgFP/CJ1306-703
Nike Air Zoom Pegasus 36,Women's Running Shoe,1 Colour,"₹9,995","₹7,997",20%,https://www.nike.com/in/t/air-zoom-pegasus-36-running-shoe-dsS2Jx/AQ2210-012
Nike Joyride Run Flyknit,Men's Running Shoe,3 Colours,"₹14,995","₹11,997",20%,https://www.nike.com/in/t/joyride-run-flyknit-running-shoe-sqfqGQ/AQ2730-401
Nike Epic Phantom React Flyknit,Men's Running Shoe,1 Colour,"₹12,995","₹9,097",30%,https://www.nike.com/in/t/epic-phantom-react-flyknit-running-shoe-J4msqR/BV0417-002
Nike Air Max Dia,Women's Shoe,2 Colours,"₹8,995","₹7,197",20%,https://www.nike.com/in/t/air-max-dia-shoe-QkQnHs/CJ0636-500
Nike Mercurial Superfly 7 Club MG,Multi-Ground Football Boot,1 Colour,"₹5,995","₹4,797",20%,https://www.nike.com/in/t/mercurial-superfly-7-club-mg-multi-ground-football-boot-LTw0pW/AT7949-606
Korea,Women's Short-Sleeve Football Top,1 Colour,"₹3,495","₹2,797",20%,https://www.nike.com/in/t/korea-short-sleeve-football-top-d6qS3G/CV2701-100
Nike Renew Run,Men's Running Shoe,1 Colour,"₹6,995","₹5,597",20%,https://www.nike.com/in/t/renew-run-running-shoe-RhdGb5/CK6357-009
NikeCourt Air Zoom Zero,Men's Tennis Shoe,1 Colour,"₹11,995","₹9,597",20%,https://www.nike.com/in/t/nikecourt-air-zoom-zero-tennis-shoe-b7t9Hl/AA8018-302
NikeCourt Tech Challenge 20,Men's Tennis Shoe,1 Colour,"₹9,995","₹7,997",20%,https://www.nike.com/in/t/nikecourt-tech-challenge-20-tennis-shoe-zzQ49Z/BQ0234-101
Nike Sportswear,Men's Swoosh T-Shirt,2 Colours,"₹1,995","₹1,597",20%,https://www.nike.com/in/t/sportswear-swoosh-t-shirt-04wQ1L/CW0317-010
Nike Swoosh,Women's Medium-Support 1-Piece Pad Sports Bra,2 Colours,"₹2,095","₹1,677",20%,https://www.nike.com/in/t/swoosh-support-1-piece-pad-sports-bra-bhxKdc/BV3637-623
Nike React Metcon,Women's Training Shoe,1 Colour,"₹12,995","₹10,397",20%,https://www.nike.com/in/t/react-metcon-training-shoe-gLnbhP/BQ6046-010
Nike Air Max 90 NS SE,Women's Shoe,1 Colour,"₹10,995","₹8,797",20%,https://www.nike.com/in/t/air-max-90-se-shoe-M8qx13/CJ0623-100
Nike Free RN Flyknit 3.0,Men's Running Shoe,1 Colour,"₹10,995","₹5,497",50%,https://www.nike.com/in/t/free-rn-flyknit-3-running-shoe-vVqwz6/AQ5707-001
Nike React Vision,Women's Shoe,1 Colour,"₹10,995","₹7,697",30%,https://www.nike.com/in/t/react-vision-shoe-gssPrK/CI7523-100
Portland Thorns F.C. 2020 Stadium Home,Women's Football Shirt,1 Colour,"₹4,695","₹3,287",30%,https://www.nike.com/in/t/portland-thorns-fc-2020-stadium-home-football-shirt-K4BvL5/CD2453-011
Nike One Icon Clash,Women's Graphic 7/8 Leggings,1 Colour,"₹2,995","₹2,397",20%,https://www.nike.com/in/t/one-icon-clash-graphic-7-8-leggings-rHmkKR/CJ4146-601
Nike Air Max 270 React ENG,Men's Shoe,2 Colours,"₹14,995","₹10,497",30%,https://www.nike.com/in/t/air-max-270-react-eng-shoe-4vLD7x/CJ0579-400
Nike Sportswear Icon Clash,Women's T-Shirt,2 Colours,"₹1,695","₹1,357",20%,https://www.nike.com/in/t/sportswear-icon-clash-t-shirt-P0tMXk/CT8855-500
Nike Air Max Dia,Women's Shoe,1 Colour,"₹8,995","₹6,297",30%,https://www.nike.com/in/t/air-max-dia-shoe-3wg5km/CI3898-200
Nike React Phantom Run Flyknit 2,Women's Running Shoe,1 Colour,"₹11,995","₹9,597",20%,https://www.nike.com/in/t/react-phantom-run-flyknit-2-running-shoe-tW5NcL/CJ0280-003
Nike Air VaporMax 360,Women's Shoe,1 Colour,"₹18,995","₹15,197",20%,https://www.nike.com/in/t/air-vapormax-360-shoe-PJXX0g/CK9670-101
PG 4 PCG EP,Basketball Shoe,1 Colour,"₹8,995","₹6,297",30%,https://www.nike.com/in/t/pg-4-pcg-ep-basketball-shoe-T7m8Lh/CZ2241-900
Nike Flex,Men's Golf Shorts,1 Colour,"₹3,495","₹2,797",20%,https://www.nike.com/in/t/flex-golf-shorts-cbVHt7/AJ5494-010
Nike Superset,Men's Short-Sleeve Graphic Training Top,1 Colour,"₹1,995","₹1,597",20%,https://www.nike.com/in/t/superset-short-sleeve-graphic-training-top-9Mwh8J/CU5006-010
Nike Sportswear Tech Pack,Men's Short-Sleeve Knit Top,1 Colour,"₹3,495","₹2,097",40%,https://www.nike.com/in/t/sportswear-tech-pack-short-sleeve-knit-top-khF83P/CJ5168-010
Nike Air Max 270 React ENG,Older Kids' Shoe,2 Colours,"₹10,995","₹6,597",40%,https://www.nike.com/in/t/air-max-270-react-eng-older-shoe-lSR69G/CD6870-700
Jordan 23 Engineered,Men's Jacket,1 Colour,"₹8,995","₹7,197",20%,https://www.nike.com/in/t/jordan-23-engineered-jacket-slnGmH/CN4578-010
Nike Air Max 720,Men's Shoe,1 Colour,"₹15,995","₹12,797",20%,https://www.nike.com/in/t/air-max-720-shoe-Ss8jMq/AO2924-100
Nike Phantom Vision 2 Club Dynamic Fit TF,Artificial-Turf Football Shoe,1 Colour,"₹5,995","₹4,797",20%,https://www.nike.com/in/t/phantom-vision-2-club-dynamic-fit-tf-artificial-football-shoe-sCkxN9/CD4173-606
Nike Sportswear,Older Kids' (Girls') Leggings,1 Colour,"₹1,695","₹1,357",20%,https://www.nike.com/in/t/sportswear-older-leggings-SRmXtb/CJ7540-010
Nike Air Max Dia SE,Women's Shoe,1 Colour,"₹9,995","₹5,997",40%,https://www.nike.com/in/t/air-max-dia-se-shoe-CH3Phk/CD0479-400
Nike Rise 365 A.I.R.,Men's Top,1 Colour,"₹2,795","₹2,237",20%,https://www.nike.com/in/t/rise-365-air-top-xGhFm9/CJ5805-133
Nike React Element 55,Women's Shoe,1 Colour,"₹11,995","₹7,197",40%,https://www.nike.com/in/t/react-element-55-shoe-zsg7Kh/BQ2728-003
Nike Air Max 270 React SE,Women's Shoe,1 Colour,"₹13,995","₹9,797",30%,https://www.nike.com/in/t/air-max-270-react-se-shoe-2sKFTg/BV3387-100
Korea,Older Kids' Short-Sleeve Football Top,1 Colour,"₹2,995","₹2,397",20%,https://www.nike.com/in/t/korea-older-short-sleeve-football-top-qmDmVq/CQ9196-101
Nike x Undercover React Presto,Shoe,1 Colour,"₹15,995","₹9,597",40%,https://www.nike.com/in/t/undercover-react-presto-shoe-Np6pZl/CU3459-200
Nike Epic React Flyknit 2,Men's Running Shoe,1 Colour,"₹12,995","₹10,397",20%,https://www.nike.com/in/t/epic-react-flyknit-2-running-shoe-ShRZnm/BQ8928-453
The Nike Polo,Unisex Striped Polo,2 Colours,"₹2,995","₹2,397",20%,https://www.nike.com/in/t/polo-striped-polo-NQWQbq/BV0378-251
Nike Mercurial Vapor 13 Academy MDS MG,Multi-Ground Football Boot,1 Colour,"₹7,495","₹4,497",40%,https://www.nike.com/in/t/mercurial-vapor-13-academy-mds-mg-multi-ground-football-boot-Qr8W84/CJ1292-401
Nike Renew Ride,Men's Running Shoe,2 Colours,"₹5,995","₹4,797",20%,https://www.nike.com/in/t/renew-ride-running-shoe-KZRV5k/CD0311-100
Nike Yoga,Women's Tank (Plus Size),1 Colour,"₹1,695","₹1,187",30%,https://www.nike.com/in/t/yoga-tank-z5LsB3/CU8986-010
Nike Air Zoom Pegasus 37,Men's Running Shoe,1 Colour,"₹9,995","₹7,997",20%,https://www.nike.com/in/t/air-zoom-pegasus-37-running-shoe-mwrTCc/BQ9646-001
Nike Air Max 97,Women's Shoe,1 Colour,"₹15,995","₹9,597",40%,https://www.nike.com/in/t/air-max-97-shoe-6Z1rBd/CT1176-900
Nike Air Max 90 SP,Men's Shoe,2 Colours,"₹11,995","₹9,597",20%,https://www.nike.com/in/t/air-max-90-sp-shoe-1Nl4N4/CW4039-300
Nike Air Max Plus,Older Kids' Shoe,1 Colour,"₹10,995","₹7,697",30%,https://www.nike.com/in/t/air-max-plus-older-shoe-BwwjW3/CW5840-700
Nike Epic Luxe,Women's Running Leggings,1 Colour,"₹5,995","₹3,597",40%,https://www.nike.com/in/t/epic-luxe-running-leggings-bDbcc4/CJ1914-068
Nike Air Max 90,Shoe,1 Colour,"₹9,995","₹8,997",10%,https://www.nike.com/in/t/air-max-90-shoe-FWBh22/CT2007-100
Nike Max 90,Cot Bootie,2 Colours,"₹3,495","₹2,267",35%,https://www.nike.com/in/t/max-90-crib-bootie-bJ97Lt/CV2397-001
Nike Air Max 720 SE,Women's Shoe,1 Colour,"₹15,995","₹11,197",30%,https://www.nike.com/in/t/air-max-720-se-shoe-VL2td7/CD0683-600
Nike Tech Pack,Men's Long-Sleeve Running Top,1 Colour,"₹5,995","₹3,597",40%,https://www.nike.com/in/t/tech-pack-long-sleeve-running-top-vSMZhd/CJ5742-347
Nike Indy Icon Clash,Women's Light-Support Toggle Sports Bra,2 Colours,"₹2,395","₹1,917",20%,https://www.nike.com/in/t/indy-icon-clash-light-support-toggle-sports-bra-sb7tM6/BV3524-601
Nike Revolution 5,Women's Running Shoe,1 Colour,"₹3,695","₹3,327",10%,https://www.nike.com/in/t/revolution-5-running-shoe-8P3bh3/BQ3207-009
Nike Air Max 720,Younger/Older Kids' Shoe,1 Colour,"₹10,995","₹6,597",40%,https://www.nike.com/in/t/air-max-720-younger-older-shoe-xwFcQ8/AQ3196-019
Nike Air Max 90 SP,Shoe,2 Colours,"₹15,995","₹10,397",35%,https://www.nike.com/in/t/air-max-90-sp-shoe-pjBxvz/CQ6639-600
The Nike Polo,Women's Printed Dress,1 Colour,"₹5,495","₹4,397",20%,https://www.nike.com/in/t/polo-printed-dress-q976FD/CT2945-100
Nike Air,Older Kids' (Boys') Tracksuit,1 Colour,"₹4,795","₹2,877",40%,https://www.nike.com/in/t/air-older-tracksuit-rJHRGR/CJ7859-657
Nike Air Max 270 React,Men's Shoe,1 Colour,"₹13,495","₹10,797",20%,https://www.nike.com/in/t/air-max-270-react-shoe-1qbkvK/CZ7869-300
Nike Sportswear,Men's T-Shirt,1 Colour,"₹1,695","₹1,357",20%,https://www.nike.com/in/t/sportswear-t-shirt-L8SLZn/CT6573-010
Nike Air Max 90,Men's Shoe,1 Colour,"₹9,995","₹6,497",35%,https://www.nike.com/in/t/air-max-90-shoe-RhlNL9/CD0881-104
Nike Dri-FIT Player,Men's Golf Polo,1 Colour,"₹3,695","₹2,957",20%,https://www.nike.com/in/t/dri-fit-player-golf-polo-1VhKxP/CK5910-010
Nike Air Max 2090,Women's Shoe,2 Colours,"₹11,995","₹8,397",30%,https://www.nike.com/in/t/air-max-2090-shoe-9HkncG/CK2612-500
Nike Tiempo Legend 8 Club MG,Multi-Ground Football Boot,1 Colour,"₹4,495","₹3,147",30%,https://www.nike.com/in/t/tiempo-legend-8-club-mg-multi-ground-football-boot-zxlkGn/AT6107-606
Nike Air,Older Kids' (Girls') Trousers,1 Colour,"₹2,495","₹1,497",40%,https://www.nike.com/in/t/air-older-trousers-k1G7M3/CJ7414-492
Nike Air Max 270 React ENG,Women's Shoe,1 Colour,"₹14,995","₹10,497",30%,https://www.nike.com/in/t/air-max-270-react-eng-shoe-sJWRvd/CK2608-100
Nike Sportswear,Men's Trousers,1 Colour,"₹2,995","₹2,397",20%,https://www.nike.com/in/t/sportswear-trousers-mfjd5r/BV3095-077
Nike Cortez Basic SL SE,Younger Kids' Shoe,1 Colour,"₹5,995","₹4,797",20%,https://www.nike.com/in/t/cortez-basic-sl-se-younger-shoe-qdhs1Z/CJ2420-400
Nike ISPA Air Max 720,Shoe,1 Colour,"₹17,995","₹12,597",30%,https://www.nike.com/in/t/ispa-air-max-720-shoe-SwTRjK/CQ6278-001
Nike Mercurial Vapor 13 Academy Neymar Jr. TF,Artificial-Turf Football Shoe,1 Colour,"₹7,995","₹6,397",20%,https://www.nike.com/in/t/mercurial-vapor-13-academy-neymar-jr-tf-artificial-football-shoe-t3vsGg/AT7995-104
Nike P-6000,Shoe,1 Colour,"₹7,995","₹4,797",40%,https://www.nike.com/in/t/p-6000-shoe-Cf06tP/BV1021-009
Korea 2020 Stadium Away,Women's Football Shirt,1 Colour,"₹4,695","₹3,757",20%,https://www.nike.com/in/t/korea-2020-stadium-away-football-shirt-sF3QTl/CQ9157-100
Nike Sportswear,Women's Jersey Dress,2 Colours,"₹3,495","₹2,797",20%,https://www.nike.com/in/t/sportswear-jersey-dress-SqDlSL/CJ3751-010
Nike Air Max Plus,Older Kids' Shoe,1 Colour,"₹10,995","₹7,697",30%,https://www.nike.com/in/t/air-max-plus-older-shoe-qqjD4D/CV2392-001
Jordan Air Latitude 720,Women's Shoe,1 Colour,"₹15,995","₹7,997",50%,https://www.nike.com/in/t/jordan-air-latitude-720-shoe-6ZtZ7l/AV5187-001
Nike Icon Clash,Women's Seamless Light-Support Sports Bra,1 Colour,"₹3,395","₹2,717",20%,https://www.nike.com/in/t/icon-clash-seamless-light-support-sports-bra-vjNhD8/CJ0558-110
Nike Joyride Dual Run,Older Kids' Running Shoe,1 Colour,"₹7,995","₹6,397",20%,https://www.nike.com/in/t/joyride-dual-run-older-running-shoe-L5LwKS/CN9600-400
Nike Sportswear Icon Clash,Women's Satin Long Jacket,1 Colour,"₹8,995","₹7,197",20%,https://www.nike.com/in/t/sportswear-icon-clash-satin-long-jacket-Z3kRfp/CU5975-010
Nike x Olivia Kim Air Footscape,Shoe,1 Colour,"₹12,995","₹6,497",50%,https://www.nike.com/in/t/olivia-kim-air-footscape-shoe-djCRK6/CK3321-100
Zoom Freak 1,Basketball Shoe,2 Colours,"₹9,995","₹6,997",30%,https://www.nike.com/in/t/zoom-freak-1-basketball-shoe-wxn8N0/BQ5422-101
Nike Foam Force 1,Baby & Toddler Shoe,1 Colour,"₹2,995","₹2,397",20%,https://www.nike.com/in/t/foam-force-shoe-RfLWF5/AQ2442-001
Nike Air Zoom Vomero 14,Men's Running Shoe,1 Colour,"₹11,995","₹9,597",20%,https://www.nike.com/in/t/air-zoom-vomero-14-running-shoe-WtvZ3q/AH7857-009
Nike Shape,Women's High-Support Sports Bra,2 Colours,"₹3,095","₹2,477",20%,https://www.nike.com/in/t/shape-high-support-sports-bra-f72f0P/CN3719-664
Nike Yoga,Women's Cropped Hoodie (Plus Size),1 Colour,"₹3,295","₹2,637",20%,https://www.nike.com/in/t/yoga-cropped-hoodie-PFDrHZ/CU8995-664
Nike Tanjun,Women's Shoe,2 Colours,"₹4,995","₹3,997",20%,https://www.nike.com/in/t/tanjun-shoe-WyTA7xdw/812655-011
Nike x Undercover Air Max 720,Shoe,3 Colours,"₹16,995","₹10,197",40%,https://www.nike.com/in/t/undercover-air-max-720-shoe-K8VJzB/CN2408-600
Nike React Infinity Run Flyknit,Men's Running Shoe,1 Colour,"₹13,995","₹11,197",20%,https://www.nike.com/in/t/react-infinity-run-flyknit-running-shoe-ZjGHFz/CD4371-008
Korea 2020 Stadium Away,Older Kids' Football Shirt,1 Colour,"₹3,995","₹3,197",20%,https://www.nike.com/in/t/korea-2020-stadium-away-older-football-shirt-JXQxmL/CD1045-100
Jordan Max 200,Men's Shoe,1 Colour,"₹10,495","₹8,397",20%,https://www.nike.com/in/t/jordan-max-200-shoe-C2S1xN/CD6105-601
Nike Air Max 720,Older Kids' Shoe,1 Colour,"₹11,995","₹8,397",30%,https://www.nike.com/in/t/air-max-720-oider-shoe-1cfhv4/CT9635-001
Nike Free RN Flyknit 3.0 2020,Women's Running Shoe,1 Colour,"₹10,995","₹8,797",20%,https://www.nike.com/in/t/free-rn-flyknit-3-2020-running-shoe-Nn61BT/CJ0267-001
Nike Swoosh,Women's High-Neck Medium-Support Sports Bra,2 Colours,"₹2,395","₹1,917",20%,https://www.nike.com/in/t/swoosh-high-neck-support-sports-bra-KcSTST/CJ4346-623
Nike Tanjun,Older Kids' Shoe,2 Colours,"₹4,495","₹2,697",40%,https://www.nike.com/in/t/tanjun-older-shoe-xqTP3OKn/818381-408
Nike Free RN 5.0 2020,Men's Running Shoe,1 Colour,"₹7,995","₹6,397",20%,https://www.nike.com/in/t/free-rn-5-2020-running-shoe-3RTlkt/CI9921-005
Nike One Luxe,Women's Tights,1 Colour,"₹4,995","₹2,997",40%,https://www.nike.com/in/t/one-luxe-tights-2r3RgD/CJ3386-432
Nike ISPA Inflate,Jacket,1 Colour,"₹17,995","₹12,597",30%,https://www.nike.com/in/t/ispa-iate-jacket-Wrp1BJ/AO0815-100
Nike Mercurial Superfly 7 Academy TF,Artificial-Turf Football Shoe,1 Colour,"₹8,495","₹6,797",20%,https://www.nike.com/in/t/mercurial-superfly-7-academy-tf-artificial-football-shoe-HvP8zD/AT7978-906
Nike Phantom GT Club MG,Multi-Ground Football Boot,1 Colour,"₹4,995","₹3,997",20%,https://www.nike.com/in/t/phantom-gt-club-mg-multi-ground-football-boot-w8b3FB/CK8459-060
Korea 2020 Stadium Away,Men's Football Shirt,1 Colour,"₹4,695","₹3,757",20%,https://www.nike.com/in/t/korea-2020-stadium-away-football-shirt-DPgLP9/CD0713-100
Nike Air Force 1 '07 SE,Women's Shoe,1 Colour,"₹7,995","₹6,397",20%,https://www.nike.com/in/t/air-force-1-07-se-shoe-2jTpPC/CJ1647-600
Nike Yoga,Women's Cropped Hoodie,1 Colour,"₹3,295","₹2,637",20%,https://www.nike.com/in/t/yoga-cropped-hoodie-fVzQmJ/CQ8834-664
Nike DBreak-Type,Men's Shoe,1 Colour,"₹7,995","₹6,397",20%,https://www.nike.com/in/t/dbreak-type-shoe-vMxhFK/CJ1156-001
Nike Air Max 98 NRG,Men's Shoe,1 Colour,"₹15,995","₹7,997",50%,https://www.nike.com/in/t/air-max-98-nrg-shoe-54DsfG/BQ5613-001
Nike Team Hustle D 9,Baby & Toddler Shoe,1 Colour,"₹2,995","₹2,397",20%,https://www.nike.com/in/t/team-hustle-d-9-shoe-WGdlZq/AQ4226-001
Nike Shox TL Nova SP,Women's Shoe,2 Colours,"₹14,995","₹8,997",40%,https://www.nike.com/in/t/shox-tl-nova-sp-shoe-m4rp7K/CK2085-002
NikeCourt Slam,Men's Tennis Polo,1 Colour,"₹3,295","₹2,307",30%,https://www.nike.com/in/t/nikecourt-slam-tennis-polo-DsR1l7/CI9159-100
Nike Goalkeeper Match,Football Gloves,1 Colour,"₹1,795","₹1,257",30%,https://www.nike.com/in/t/goalkeeper-match-football-gloves-whlm10/GS3882-010
Nike Odyssey React,Men's Running Shoe,1 Colour,"₹11,995","₹9,637",20%,https://www.nike.com/in/t/odyssey-react-running-shoe-9dSlGS/AO9819-001
Air Jordan 11 Low,Women's Shoe,1 Colour,"₹16,995","₹13,597",20%,https://www.nike.com/in/t/air-jordan-11-low-shoe-WZLQ1c/AR5149-005
Nike Yoga Luxe,Women's Infinalon 7/8 Ribbed Leggings,2 Colours,"₹4,995","₹3,997",20%,https://www.nike.com/in/t/yoga-luxe-infinalon-7-8-ribbed-leggings-k7551H/CJ3664-010
Nike Air Max 720,Men's Shoe,1 Colour,"₹15,995","₹11,197",30%,https://www.nike.com/in/t/air-max-720-shoe-cRPWPH/CT5229-001
Nike Air Max 97,Men's Shoe,1 Colour,"₹14,995","₹8,997",40%,https://www.nike.com/in/t/air-max-97-shoe-cNRrFt/CI3708-400
Nike Zoom Gravity 2,Women's Running Shoe,1 Colour,"₹8,195","₹7,377",10%,https://www.nike.com/in/t/zoom-gravity-2-running-shoe-0Gw32G/CK2569-600
Nike Sportswear,Men's T-Shirt,1 Colour,"₹1,495","₹1,047",30%,https://www.nike.com/in/t/sportswear-t-shirt-bHgLfQ/AR4994-452
Nike Air VaporMax 2019,Older Kids' Shoe,1 Colour,"₹12,995","₹9,097",30%,https://www.nike.com/in/t/air-vapormax-2019-older-shoe-R53c2K/CT9638-001
Nike Cortez Basic SL SE,Baby and Toddler Shoe,1 Colour,"₹4,995","₹3,497",30%,https://www.nike.com/in/t/cortez-basic-sl-se-and-shoe-2jvp8C/CJ2422-400
Nike Air Max 2090,Older Kids' Shoe,1 Colour,"₹8,995","₹6,297",30%,https://www.nike.com/in/t/air-max-2090-older-shoe-qK3F2h/CJ4066-101
Nike Air Zoom Pegasus 35,Men's Running Shoe,1 Colour,"₹10,995","₹8,837",20%,https://www.nike.com/in/t/air-zoom-pegasus-35-running-shoe-DXK1Zj/942851-600
Nike Star Runner 2 Fire,Baby and Toddler Shoe,1 Colour,"₹3,495","₹2,797",20%,https://www.nike.com/in/t/star-runner-2-fire-and-shoe-STWQQ4/CW1615-001
Jordan Trunner NXT React,Men's Training Shoe,1 Colour,"₹11,995","₹10,797",10%,https://www.nike.com/in/t/jordan-trunner-nxt-react-training-shoe-l08NFM/AV1201-600
Nike Force 1 BT,Younger Kids' Shoe,1 Colour,"₹6,495","₹5,197",20%,https://www.nike.com/in/t/force-1-bt-younger-shoe-zgX6Ft/CW7439-100
Nike Revolution 5,Older Kids' Running Shoe,1 Colour,"₹3,495","₹2,097",40%,https://www.nike.com/in/t/revolution-5-older-running-shoe-mhfgMP/BQ5671-401
The Nike Polo,Men's Polo,2 Colours,"₹2,795","₹2,237",20%,https://www.nike.com/in/t/polo-polo-z5k6D4/AT6112-370
Nike,Men's Training Trousers,1 Colour,"₹2,495","₹1,997",20%,https://www.nike.com/in/t/training-trousers-T84sjx/CU4950-084
Nike Air Huarache Run DNA Ch. 1,Men's Shoe,1 Colour,"₹12,995","₹9,097",30%,https://www.nike.com/in/t/air-huarache-run-dna-ch-1-shoe-Hf8sK9/AR3864-101
Nike Challenger,Men's 18cm (approx.) Lined Running Shorts,1 Colour,"₹1,695","₹1,357",20%,https://www.nike.com/in/t/challenger-18cm-lined-running-shorts-5w9f1Z/AJ7688-493
Nike Free RN 5.0,Older Kids' Running Shoe,1 Colour,"₹6,495","₹5,197",20%,https://www.nike.com/in/t/free-rn-5-older-running-shoe-KsctWk/CJ2079-400
Nike,Women's Short-Sleeve Running Top,1 Colour,"₹1,995","₹1,597",20%,https://www.nike.com/in/t/short-sleeve-running-top-XlKD5D/CQ7875-010
Freak 1,Older Kids' Shoe,1 Colour,"₹7,495","₹5,247",30%,https://www.nike.com/in/t/freak-1-older-shoe-lDc71n/BQ5633-101
Nike Sportswear Windrunner,Men's Hooded Jacket,1 Colour,"₹5,495","₹4,397",20%,https://www.nike.com/in/t/sportswear-windrunner-hooded-jacket-MLgTq4/AR2192-010
Nike Dynamo Free,Baby and Toddler Shoe,1 Colour,"₹3,995","₹3,197",20%,https://www.nike.com/in/t/dynamo-free-and-shoe-axGgD7/343938-023
Nike Yoga,Men's Infinalon 3/4 Tights,1 Colour,"₹3,095","₹2,477",20%,https://www.nike.com/in/t/yoga-infinalon-3-4-tights-nVS0VT/CT1831-068
Nike Free RN 5.0 2020,Men's Running Shoe,1 Colour,"₹8,995","₹7,197",20%,https://www.nike.com/in/t/free-rn-5-2020-running-shoe-R1F4ML/CV9305-100
Nike Air,Women's Running Top,1 Colour,"₹2,295","₹1,607",30%,https://www.nike.com/in/t/air-running-top-7KDphV/CJ2065-010
Giannis Nike Dri-FIT,Men's Basketball T-Shirt,1 Colour,"₹1,695",₹847,50%,https://www.nike.com/in/t/giannis-dri-fit-basketball-t-shirt-j23T5l/BV8266-010
Nike Air Max 97,Men's Shoe,1 Colour,"₹15,995","₹12,797",20%,https://www.nike.com/in/t/air-max-97-shoe-nQGPPc/CT4525-001
Nike Air Max 90,Baby and Toddler Shoe,1 Colour,"₹4,995","₹3,997",20%,https://www.nike.com/in/t/air-max-90-and-shoe-w1xd13/CD6868-100
Jordan Legacy AJ11,Men's Short-Sleeve T-Shirt,1 Colour,"₹1,695","₹1,357",20%,https://www.nike.com/in/t/jordan-legacy-aj11-short-sleeve-t-shirt-dMkh0j/CW0858-010
Nike Air Force 1 LV8,Older Kids' Shoe,1 Colour,"₹6,495","₹5,197",20%,https://www.nike.com/in/t/air-force-1-lv8-older-shoe-zX8b4K/CJ4093-300
Brooklyn Nets Biggie,Nike NBA T-Shirt,1 Colour,"₹1,695","₹1,187",30%,https://www.nike.com/in/t/brooklyn-nets-biggie-nba-t-shirt-mfKsJ1/CW3969-657
Nike Flex Experience RN 8,Women's Running Shoe,1 Colour,"₹4,995","₹3,997",20%,https://www.nike.com/in/t/flex-experience-rn-8-running-shoe-Mtbm5W/AJ5908-005
Nike Sportswear NSW Collection,Women's Printed Shorts,1 Colour,"₹3,495","₹2,797",20%,https://www.nike.com/in/t/sportswear-nsw-collection-printed-shorts-chMVgX/CJ3483-735
Nike Zoom Pegasus Turbo 2 Special Edition,Women's Running Shoe,1 Colour,"₹15,995","₹9,597",40%,https://www.nike.com/in/t/zoom-pegasus-turbo-2-special-edition-running-shoe-tR3tf0/BV7757-500
Nike Joyride Nova,Younger/Older Kids' Shoe,1 Colour,"₹8,995","₹7,197",20%,https://www.nike.com/in/t/joyride-nova-younger-older-shoe-lqRXBm/AQ3141-400
Nike Air VaporMax Flyknit 3,Men's Shoe,1 Colour,"₹16,995","₹10,197",40%,https://www.nike.com/in/t/air-vapormax-flyknit-3-shoe-xr9cgR/AJ6900-012
Nike Phantom Vision 2 Club Dynamic Fit MG,Multi-Ground Football Boot,1 Colour,"₹5,995","₹4,797",20%,https://www.nike.com/in/t/phantom-vision-2-club-dynamic-fit-mg-multi-ground-football-boot-0r9fNX/CD4159-606
Nike React Element 55 SE,Men's Shoe,1 Colour,"₹10,995","₹5,497",50%,https://www.nike.com/in/t/react-element-55-se-shoe-Q7Wqvp/CI3831-200
Nike Sportswear Tech Fleece,Men's Shorts,1 Colour,"₹3,495","₹2,447",30%,https://www.nike.com/in/t/sportswear-tech-fleece-shorts-7QDSq5/928514-011
Nike Tiempo Legend 8 Academy TF,Artificial-Turf Football Shoe,1 Colour,"₹6,495","₹5,197",20%,https://www.nike.com/in/t/tiempo-legend-8-academy-tf-artificial-football-shoe-951TSW/AT6100-906
Nike Dri-FIT,Men's Woven Training Jacket,1 Colour,"₹3,495","₹2,797",20%,https://www.nike.com/in/t/dri-fit-woven-training-jacket-323Tk5/CU4954-084
Nike Impact,Women's Strappy Printed High-Support Sports Bra,1 Colour,"₹3,095","₹2,477",20%,https://www.nike.com/in/t/impact-strappy-printed-high-support-sports-bra-nwJVDJ/CK1947-073
Nike Air Max Tiny 90,Baby and Toddler Shoe,1 Colour,"₹4,495","₹3,147",30%,https://www.nike.com/in/t/air-max-tiny-90-and-shoe-O9wNRo/881924-021
Nike Air Max 95 SP,Shoe,1 Colour,"₹15,995","₹9,597",40%,https://www.nike.com/in/t/air-max-95-sp-shoe-d76X5V/CK5669-400
Nike Air VaporMax 360,Women's Shoe,1 Colour,"₹18,995","₹11,397",40%,https://www.nike.com/in/t/air-vapormax-360-shoe-h1FLhs/CK2719-400
Nike Flex,Men's Woven Training Shorts,1 Colour,"₹2,295","₹1,837",20%,https://www.nike.com/in/t/flex-woven-training-shorts-79lSdK/CD7677-492
Nike Air Max Tailwind IV SE,Men's Shoe,1 Colour,"₹14,995","₹10,497",30%,https://www.nike.com/in/t/air-max-tailwind-iv-se-shoe-vHzrtK/CJ0641-100
LeBron 17 Monstars,Basketball Shoe,1 Colour,"₹16,995","₹11,897",30%,https://www.nike.com/in/t/lebron-17-monstars-basketball-shoe-XShGJ1/CD5050-400
Nike Sportswear Tech Pack,Older Kids' (Boys') Packable Jacket,1 Colour,"₹3,895","₹3,117",20%,https://www.nike.com/in/t/sportswear-tech-pack-older-packable-jacket-nhPxZn/CK1335-100
Nike Multiplier,Crew Socks,1 Colour,₹995,₹797,20%,https://www.nike.com/in/t/multiplier-crew-socks-SM1cjF/CK5672-100
Nike Therma Sphere Icon Clash,Women's Long-Sleeve Running Top,1 Colour,"₹4,495","₹2,247",50%,https://www.nike.com/in/t/therma-sphere-icon-clash-long-sleeve-running-top-NGh7Fb/CJ8065-068
Nike Air Max Dia Winter,Women's Shoe,1 Colour,"₹10,995","₹5,497",50%,https://www.nike.com/in/t/air-max-dia-winter-shoe-CLbqnv/BQ9665-301
Nike Indy,Women's Light-Support Sports Bra,1 Colour,"₹2,795","₹1,677",40%,https://www.nike.com/in/t/indy-light-support-sports-bra-JZnj9r/AQ0141-275
Nike Sportswear JDI,Men's Floral T-Shirt,1 Colour,"₹1,495","₹1,047",30%,https://www.nike.com/in/t/sportswear-jdi-floral-t-shirt-VKn6fF/CK2296-100
Nike Air Max 97,Older Kids' Shoe,1 Colour,"₹12,995","₹10,397",20%,https://www.nike.com/in/t/air-max-97-older-shoe-M2vYej/921522-021
Nike Phantom Venom Academy FG,Firm-Ground Football Boot,1 Colour,"₹7,495","₹5,247",30%,https://www.nike.com/in/t/phantom-venom-academy-fg-football-boot-8K8CNP/AO0566-606
Nike Sportswear,Women's Shorts,1 Colour,"₹2,995","₹2,097",30%,https://www.nike.com/in/t/sportswear-shorts-xHHtHQ/CT4529-100
Air Max 97 LX,Women's Shoe,1 Colour,"₹15,995","₹12,797",20%,https://www.nike.com/in/t/air-max-97-lx-shoe-6V8gBm/CJ0625-700
Nike Air Max 2090,Men's Shoe,1 Colour,"₹11,995","₹8,397",30%,https://www.nike.com/in/t/air-max-2090-shoe-XBtRgw/CT7695-401
Nike Force 1 LV8,Younger Kids' Shoe,1 Colour,"₹4,995","₹3,997",20%,https://www.nike.com/in/t/force-1-lv8-younger-shoe-2W3gsN/CJ4118-100
NikeCourt Dri-FIT,"Men's 9"" (23cm approx.) Tennis Shorts",1 Colour,"₹2,095","₹1,677",20%,https://www.nike.com/in/t/nikecourt-dri-fit-9-tennis-shorts-C7SW7z/939266-011
Nike Blazer Mid '77 Vintage,Women's Shoe,1 Colour,"₹7,995","₹6,397",20%,https://www.nike.com/in/t/blazer-mid-77-vintage-shoe-pKBLXb/CZ1055-106
Nike Air Max Triax,Men's Shoe,1 Colour,"₹10,995","₹8,797",20%,https://www.nike.com/in/t/air-max-triax-shoe-7GbtPT/CT1104-700
