Stay Name,Stay Type,Stay Size,Amenities,Price,Rating,num of reviews,link
Apartment bathed in Sunshine 3 - TLBW Group,Entire apartment in Bengaluru,2 guests - 1 bedroom - 1 bed - 1 bathroom,Kitchen - Wifi,"Rs.1,064",4.83,6,https://www.airbnb.co.in/rooms/45736129?previous_page_section_name=1000&federated_search_id=e1d567b1-0e59-4284-a77e-22b57a4dbe0d
"Maison de ZEN 1,  For Serenity, Bliss & Relaxation",Entire flat in Bengaluru,4 guests - 2 bedrooms - 2 beds - 2 bathrooms,Kitchen - Wifi - Free parking,"Rs.1,305",4.88,8,https://www.airbnb.co.in/rooms/25036368?previous_page_section_name=1000&federated_search_id=e1d567b1-0e59-4284-a77e-22b57a4dbe0d
Luxurious Room With Private Balcony & Bathtub,Private room in Bengaluru,2 guests - 1 bedroom - 1 bed - 1 private bathroom,Kitchen - Wifi - Self check-in - Free parking,"Rs.1,056",4.36,14,https://www.airbnb.co.in/rooms/39734715?previous_page_section_name=1000&federated_search_id=e1d567b1-0e59-4284-a77e-22b57a4dbe0d
PrivateStudio/AC-WIFI-Private Kitchen Nr. Manyata!,Entire flat in Bengaluru,4 guests - 1 bedroom - 2 beds - 1 bathroom,Kitchen - Wifi - Self check-in - Free parking,"Rs.1,001",4.76,33,https://www.airbnb.co.in/rooms/23446620?previous_page_section_name=1000&federated_search_id=e1d567b1-0e59-4284-a77e-22b57a4dbe0d
cozy studio room with kitchen and wifi,Entire house in Bengaluru,3 guests - Studio - 1 bed - 1 bathroom,Kitchen - Wifi - Self check-in - Free parking,Rs.850,4.83,6,https://www.airbnb.co.in/rooms/45835115?previous_page_section_name=1000&federated_search_id=e1d567b1-0e59-4284-a77e-22b57a4dbe0d
‚ö°COUPLE FRIENDLY BALI THEMED STAY,Entire flat in Bengaluru,2 guests - 1 bedroom - 1 bed - 1 bathroom,Wifi - Self check-in,Rs.928,4.08,71,https://www.airbnb.co.in/rooms/31917901?previous_page_section_name=1000&federated_search_id=e1d567b1-0e59-4284-a77e-22b57a4dbe0d
"Californian Nest ""DOWNTOWN"" Close to MG Road",Private room in Bengaluru,2 guests - 1 bedroom - 1 bed - 1 private bathroom,Kitchen - Wifi - Self check-in,Rs.799,4.85,86,https://www.airbnb.co.in/rooms/24360273?previous_page_section_name=1000&federated_search_id=e1d567b1-0e59-4284-a77e-22b57a4dbe0d
‚ù§Ô∏è Beautiful Entire House ( Couple Friendly ),Entire house in Bengaluru,4 guests - 1 bedroom - 1 bed - 1 bathroom,Kitchen - Wifi - Free parking,"Rs.1,313",4.80,60,https://www.airbnb.co.in/rooms/37369087?previous_page_section_name=1000&federated_search_id=e1d567b1-0e59-4284-a77e-22b57a4dbe0d
"Maison de ZEN 4, For Serenity, Bliss & Relaxation",Entire flat in Bengaluru,4 guests - 2 bedrooms - 2 beds - 2 bathrooms,Kitchen - Wifi - Self check-in,"Rs.1,200",4.82,17,https://www.airbnb.co.in/rooms/40337180?previous_page_section_name=1000&federated_search_id=e1d567b1-0e59-4284-a77e-22b57a4dbe0d
Exclusive cosy penthouse with a private terrace,Entire flat in Bengaluru,3 guests - 1 bedroom - 1 bed - 1.5 bathrooms,Kitchen - Wifi - Self check-in - Free parking,"Rs.2,129",4.92,25,https://www.airbnb.co.in/rooms/38928254?previous_page_section_name=1000&federated_search_id=e1d567b1-0e59-4284-a77e-22b57a4dbe0d
Nature's Nest Premium,Entire guest suite in Bengaluru,3 guests - 1 bedroom - 1 bed - 1 bathroom,Kitchen - Wifi - Free parking,"Rs.2,500",4.95,73,https://www.airbnb.co.in/rooms/40681984?previous_page_section_name=1000&federated_search_id=e1d567b1-0e59-4284-a77e-22b57a4dbe0d
‚ù§Ô∏è Beautiful Entire House. ( Couple Friendly ),Entire house in Bengaluru,4 guests - 1 bedroom - 1 bed - 1 bathroom,Kitchen - Wifi - Free parking,"Rs.1,284",4.93,59,https://www.airbnb.co.in/rooms/37466981?previous_page_section_name=1000&federated_search_id=e1d567b1-0e59-4284-a77e-22b57a4dbe0d
Terrace Garden Front AC Rooms üí´Near Mg Road,Entire flat in Bengaluru,4 guests - 2 bedrooms - 2 beds - 2 bathrooms,Wifi,"Rs.1,450",4.73,11,https://www.airbnb.co.in/rooms/41808700?previous_page_section_name=1000&federated_search_id=e1d567b1-0e59-4284-a77e-22b57a4dbe0d
Entire 1bhk for long stays (family/corporates),Entire flat in BANGALORE,4 guests - 1 bedroom - 1 bed - 1.5 bathrooms,Kitchen - Wifi - Self check-in - Free parking,Rs.746,5.0,7,https://www.airbnb.co.in/rooms/2438024?previous_page_section_name=1000&federated_search_id=e1d567b1-0e59-4284-a77e-22b57a4dbe0d
LITTLE ITALY - LUX STAY | COUPLE FRIENDLY,Entire flat in Bengaluru,2 guests - 1 bedroom - 0 beds - 1 bathroom,Wifi - Self check-in,Rs.799,4.29,45,https://www.airbnb.co.in/rooms/31920657?previous_page_section_name=1000&federated_search_id=e1d567b1-0e59-4284-a77e-22b57a4dbe0d
Nature's Nest Premium,Entire guest suite in Bengaluru,3 guests - 1 bedroom - 1 bed - 1 bathroom,Wifi - Air conditioning - Hot tub - Kitchen,"Rs.2,500",4.95,73,https://www.airbnb.co.in/rooms/40681984?previous_page_section_name=1000&federated_search_id=d0e71663-d38c-41df-9632-1bcfea7287b2
Premium Room with access to kitchen,Private room in Bengaluru,2 guests - 1 bedroom - 1 bed - 1 shared bathroom,Wifi - Washing machine - Self check-in - Dryer,Rs.815,4.80,10,https://www.airbnb.co.in/rooms/38170192?previous_page_section_name=1000&federated_search_id=d0e71663-d38c-41df-9632-1bcfea7287b2
HelloWorld Lake View | 1BHK | BTM | Silk Board -02,Entire flat in Bengaluru,2 guests - 1 bedroom - 2 beds - 1 bathroom,Wifi - Washing machine - Lift - Dryer,Rs.835,4.0,22,https://www.airbnb.co.in/rooms/39810408?previous_page_section_name=1000&federated_search_id=d0e71663-d38c-41df-9632-1bcfea7287b2
Luxury 1bhk  close to wipro Infosys narayana,Entire flat in Bengaluru,2 guests - 1 bedroom - 1 bed - 1 bathroom,Wifi - Washing machine - Lift - Air conditioning,"Rs.1,220",4.81,26,https://www.airbnb.co.in/rooms/36817727?previous_page_section_name=1000&federated_search_id=d0e71663-d38c-41df-9632-1bcfea7287b2
Vinayaka Vilas 1 Bhk,Entire flat in Bengaluru,2 guests - Studio - 1 bed - 1 bathroom,Wifi - Lift - Breakfast - Air conditioning,Rs.920,5.0,3,https://www.airbnb.co.in/rooms/43934714?previous_page_section_name=1000&federated_search_id=d0e71663-d38c-41df-9632-1bcfea7287b2
Clover - Kitkat,Entire loft in Bengaluru,2 guests - Studio - 1 bed - 1 bathroom,Wifi - Self check-in - Air conditioning,Rs.800,4.47,66,https://www.airbnb.co.in/rooms/16222938?previous_page_section_name=1000&federated_search_id=d0e71663-d38c-41df-9632-1bcfea7287b2
"üíûYour SpaceüíïPvt 2 Bhk
Cpl FriendlyüíØ
Full Flat",Entire flat in Bengaluru,4 guests - 2 bedrooms - 2 beds - 2.5 bathrooms,Wifi - Washing machine - Self check-in - Pets allowed,"Rs.1,100",4.88,8,https://www.airbnb.co.in/rooms/45527518?previous_page_section_name=1000&federated_search_id=d0e71663-d38c-41df-9632-1bcfea7287b2
DBrooks Suites - Entire Boutique 1BHK with Kitchen,Entire flat in Bengaluru,2 guests - 1 bedroom - 1 bed - 1 bathroom,Wifi - Washing machine - Lift - Dryer,"Rs.1,200",4.71,14,https://www.airbnb.co.in/rooms/39789018?previous_page_section_name=1000&federated_search_id=d0e71663-d38c-41df-9632-1bcfea7287b2
Boutique Room in a beautiful villa Koramangala,Private room in Bengaluru,2 guests - 1 bedroom - 1 bed - 1 private bathroom,Wifi - Washing machine - Self check-in - Dryer,"Rs.1,100",5.0,9,https://www.airbnb.co.in/rooms/35704921?previous_page_section_name=1000&federated_search_id=d0e71663-d38c-41df-9632-1bcfea7287b2
"Maison de ZEN 4, For Serenity, Bliss & Relaxation",Entire flat in Bengaluru,4 guests - 2 bedrooms - 2 beds - 2 bathrooms,Wifi - Washing machine - Self check-in - Dryer,"Rs.1,200",4.82,17,https://www.airbnb.co.in/rooms/40337180?previous_page_section_name=1000&federated_search_id=d0e71663-d38c-41df-9632-1bcfea7287b2
Swiss Town ‚Äò‚ÄôClose to MG Road‚Äô‚Äô LIVE BY NATURE,Private room in Bengaluru,2 guests - 1 bedroom - 1 bed - 1 private bathroom,Wifi - Washing machine - Self check-in - Dryer,Rs.775,4.79,42,https://www.airbnb.co.in/rooms/24337247?previous_page_section_name=1000&federated_search_id=d0e71663-d38c-41df-9632-1bcfea7287b2
BPP Bengaluru- AC 6 Bed Mixed Dorm,Hotel room in Bengaluru,6 guests - 1 bedroom - 1 bed - 1 bathroom,Wifi - Washing machine - Self check-in - Air conditioning,Rs.749,4.71,7,https://www.airbnb.co.in/rooms/20943486?previous_page_section_name=1000&federated_search_id=d0e71663-d38c-41df-9632-1bcfea7287b2
Cuckoo Hostel,Hotel room in Bengaluru,1 guest - 1 bedroom - 1 bed - 1 bathroom,Wifi - Washing machine - Self check-in - Dryer,Rs.900,5.0,5,https://www.airbnb.co.in/rooms/38480988?previous_page_section_name=1000&federated_search_id=d0e71663-d38c-41df-9632-1bcfea7287b2
‚ö°LITTLE KOREA | LUXURY STAY | BEST LOCATION,Entire flat in Bengaluru,2 guests - 1 bedroom - 2 beds - 1 bathroom,Wifi - Washing machine - Lift - Self check-in,"Rs.1,070",4.13,46,https://www.airbnb.co.in/rooms/31907159?previous_page_section_name=1000&federated_search_id=d0e71663-d38c-41df-9632-1bcfea7287b2
Beautiful Room In A Boutique Villa In Koramangala,Private room in Bengaluru,2 guests - 1 bedroom - 1 bed - 1 private bathroom,Wifi - Washing machine - Self check-in - Air conditioning,Rs.863,4.80,44,https://www.airbnb.co.in/rooms/36358446?previous_page_section_name=1000&federated_search_id=d0e71663-d38c-41df-9632-1bcfea7287b2
Apartment bathed in Sunshine 5 - TLBW Group,Entire apartment in Bengaluru,2 guests - 1 bedroom - 1 bed - 1 bathroom,Wifi - Kitchen - Free parking,Rs.998,4.56,42,https://www.airbnb.co.in/rooms/31395591?previous_page_section_name=1000&federated_search_id=d0e71663-d38c-41df-9632-1bcfea7287b2
"üíûYour SpaceüíïPvt 2 Bhk
Cpl FriendlyüíØ
Full Flat",Entire flat in Bengaluru,4 guests - 2 bedrooms - 2 beds - 2.5 bathrooms,Wifi - Kitchen - Free parking - Pets allowed,"Rs.1,100",4.88,8,https://www.airbnb.co.in/rooms/45527518?previous_page_section_name=1000&federated_search_id=aca96c9d-1f18-46c8-8ccb-36770b9c7ae5
Clover - Abaco,Entire flat in Bengaluru,2 guests - Studio - 1 bed - 1 bathroom,Wifi - Air conditioning - Kitchen - Self check-in,"Rs.1,310",4.36,39,https://www.airbnb.co.in/rooms/15850031?previous_page_section_name=1000&federated_search_id=aca96c9d-1f18-46c8-8ccb-36770b9c7ae5
Premium Room with access to kitchen,Private room in Bengaluru,2 guests - 1 bedroom - 1 bed - 1 shared bathroom,Wifi - Air conditioning - Kitchen - Free parking,Rs.815,4.80,10,https://www.airbnb.co.in/rooms/38170192?previous_page_section_name=1000&federated_search_id=aca96c9d-1f18-46c8-8ccb-36770b9c7ae5
Urban Kuteer - Pvt Suite in the heart of South BLR,Entire guest suite in Bengaluru,3 guests - 1 bedroom - 1 bed - 1 bathroom,Wifi - Air conditioning - Free parking,"Rs.1,600",5.0,8,https://www.airbnb.co.in/rooms/45551704?previous_page_section_name=1000&federated_search_id=aca96c9d-1f18-46c8-8ccb-36770b9c7ae5
Hello World | Bangalore,Private room in Bengaluru,2 guests - 1 bedroom - 2 beds - 1 private bathroom,Wifi - Washing machine - Dryer,Rs.740,4.0,5,https://www.airbnb.co.in/rooms/41065868?previous_page_section_name=1000&federated_search_id=aca96c9d-1f18-46c8-8ccb-36770b9c7ae5
Trekker's Paradise - Nanda Devi,Private room in Bengaluru,2 guests - 1 bedroom - 1 bed - 1 private bathroom,Wifi - Kitchen - Free parking - Pets allowed,Rs.750,4.74,53,https://www.airbnb.co.in/rooms/22317898?previous_page_section_name=1000&federated_search_id=aca96c9d-1f18-46c8-8ccb-36770b9c7ae5
Lovely room with a resort feel in city,Private room in Bengaluru,2 guests - 1 bedroom - 1 bed - 1.5 bathrooms,Wifi - Air conditioning - Kitchen - Free parking,"Rs.1,500",5.0,15,https://www.airbnb.co.in/rooms/22630416?previous_page_section_name=1000&federated_search_id=aca96c9d-1f18-46c8-8ccb-36770b9c7ae5
Apartment bathed in Sunshine 4 - TLBW Group,Entire flat in Bengaluru,2 guests - 1 bedroom - 1 bed - 1 bathroom,Wifi - Kitchen - Free parking,Rs.993,4.65,20,https://www.airbnb.co.in/rooms/37614752?previous_page_section_name=1000&federated_search_id=aca96c9d-1f18-46c8-8ccb-36770b9c7ae5
Private  Boutique Room With Balcony Koramangala,Private room in Bengaluru,2 guests - 1 bedroom - 1 bed - 1 shared bathroom,Wifi - Air conditioning - Kitchen - Free parking,"Rs.1,247",4.40,10,https://www.airbnb.co.in/rooms/36375728?previous_page_section_name=1000&federated_search_id=aca96c9d-1f18-46c8-8ccb-36770b9c7ae5
‚ô•Ô∏è  COUPLE FRIENDLY LITTLE TURKEY,Entire flat in Bengaluru,2 guests - 1 bedroom - 1 bed - 1 bathroom,Wifi - Gym - Lift - Washing machine,"Rs.1,013",4.41,56,https://www.airbnb.co.in/rooms/35132377?previous_page_section_name=1000&federated_search_id=aca96c9d-1f18-46c8-8ccb-36770b9c7ae5
"Couple Friendly, Comfortable and Affordable Stay",Private room in Bengaluru,2 guests - Studio - 0 beds - 2.5 shared bathrooms,Wifi - Air conditioning - Kitchen - Free parking,Rs.899,4.38,8,https://www.airbnb.co.in/rooms/42592224?previous_page_section_name=1000&federated_search_id=aca96c9d-1f18-46c8-8ccb-36770b9c7ae5
"Gaurav‚Äôs plant filled,cozy, safe and sanitised den",Private room in Bengaluru,1 guest - 1 bedroom - 1 bed - 1.5 shared bathrooms,Wifi - Free parking - Lift - Washing machine,Rs.800,5.0,3,https://www.airbnb.co.in/rooms/45298619?previous_page_section_name=1000&federated_search_id=aca96c9d-1f18-46c8-8ccb-36770b9c7ae5
‚ö°COUPLE FRIENDLY MACHU PICCHU | FULLY STOCKED ‚≠ê,Private room in Bengaluru,2 guests - 1 bedroom - 2 beds - 1 private bathroom,Wifi - Gym - Lift - Washing machine,Rs.928,4.34,47,https://www.airbnb.co.in/rooms/31916911?previous_page_section_name=1000&federated_search_id=aca96c9d-1f18-46c8-8ccb-36770b9c7ae5
Deluxe Room with South Indian Breakfast,Private room in Bengaluru,2 guests - 1 bedroom - 0 beds - 1 shared bathroom,Wifi - Free parking,Rs.850,4.56,78,https://www.airbnb.co.in/rooms/23498913?previous_page_section_name=1000&federated_search_id=aca96c9d-1f18-46c8-8ccb-36770b9c7ae5
Clover - Froyo,Entire flat in Bengaluru,2 guests - 1 bedroom - 1 bed - 1 bathroom,Wifi - Air conditioning - Kitchen - Self check-in,"Rs.1,250",4.70,53,https://www.airbnb.co.in/rooms/10580198?previous_page_section_name=1000&federated_search_id=aca96c9d-1f18-46c8-8ccb-36770b9c7ae5
Urban Kuteer Premium - Luxury Suite in South BLR,Entire guest suite in Bengaluru,3 guests - 1 bedroom - 1 bed - 1 bathroom,Wifi - Air conditioning - Hot tub - Free parking,"Rs.1,799",5.0,9,https://www.airbnb.co.in/rooms/45979140?previous_page_section_name=1000&federated_search_id=a6921ba4-5ae3-490a-adbb-55963f3924ad
Deluxe Room with South Indian Breakfast,Private room in Bengaluru,2 guests - 1 bedroom - 0 beds - 1 shared bathroom,Wifi - Free parking,Rs.850,4.56,78,https://www.airbnb.co.in/rooms/23498913?previous_page_section_name=1000&federated_search_id=a6921ba4-5ae3-490a-adbb-55963f3924ad
Spacious 2Bhk Fully Furnished Flat,Entire flat in Bengaluru,4 guests - 2 bedrooms - 7 beds - 1.5 bathrooms,Wifi - Washing machine - Self check-in - Indoor fireplace,"Rs.1,050",4.52,25,https://www.airbnb.co.in/rooms/26610488?previous_page_section_name=1000&federated_search_id=a6921ba4-5ae3-490a-adbb-55963f3924ad
Clover - Abaco,Entire flat in Bengaluru,2 guests - Studio - 1 bed - 1 bathroom,Wifi - Self check-in - Air conditioning - Kitchen,"Rs.1,310",4.36,39,https://www.airbnb.co.in/rooms/15850031?previous_page_section_name=1000&federated_search_id=a6921ba4-5ae3-490a-adbb-55963f3924ad
Anns Avenue Plaza,Entire flat in Bengaluru,2 guests - 1 bedroom - 2 beds - 1.5 bathrooms,Wifi - Washing machine - Lift - Self check-in,Rs.750,4.36,11,https://www.airbnb.co.in/rooms/37193424?previous_page_section_name=1000&federated_search_id=a6921ba4-5ae3-490a-adbb-55963f3924ad
Sanitized & Hygienic Private Room with Big Terrace,Room in boutique hotel in Bengaluru,2 guests - 1 bedroom - 1 bed - 1 private bathroom,Wifi - Washing machine - Lift - Self check-in,Rs.900,4.78,9,https://www.airbnb.co.in/rooms/46322001?previous_page_section_name=1000&federated_search_id=a6921ba4-5ae3-490a-adbb-55963f3924ad
Paradise-Manyata Tech Park:BR2-Place to unwind,Private room in Bengaluru,2 guests - 1 bedroom - 1 bed - 0 shared bathrooms,Wifi - Washing machine - Air conditioning - Kitchen,Rs.900,4.79,19,https://www.airbnb.co.in/rooms/35634152?previous_page_section_name=1000&federated_search_id=a6921ba4-5ae3-490a-adbb-55963f3924ad
The Nest Koramangala: Premium studio suite,Entire flat in Bengaluru,2 guests - 1 bedroom - 1 bed - 1 bathroom,Wifi - Air conditioning - Kitchen,"Rs.1,200",4.69,42,https://www.airbnb.co.in/rooms/22620200?previous_page_section_name=1000&federated_search_id=a6921ba4-5ae3-490a-adbb-55963f3924ad
Lovely room with a resort feel in city,Private room in Bengaluru,2 guests - 1 bedroom - 1 bed - 1.5 bathrooms,Wifi - Washing machine - Lift - Air conditioning,"Rs.1,500",5.0,15,https://www.airbnb.co.in/rooms/22630416?previous_page_section_name=1000&federated_search_id=a6921ba4-5ae3-490a-adbb-55963f3924ad
‚ö°COUPLE FRIENDLY MACHU PICCHU | FULLY STOCKED ‚≠ê,Private room in Bengaluru,2 guests - 1 bedroom - 2 beds - 1 private bathroom,Wifi - Washing machine - Lift - Self check-in,Rs.928,4.34,47,https://www.airbnb.co.in/rooms/31916911?previous_page_section_name=1000&federated_search_id=a6921ba4-5ae3-490a-adbb-55963f3924ad
‚ö°LITTLE KOREA | LUXURY STAY | BEST LOCATION,Entire flat in Bengaluru,2 guests - 1 bedroom - 2 beds - 1 bathroom,Wifi - Washing machine - Lift - Self check-in,"Rs.1,070",4.13,46,https://www.airbnb.co.in/rooms/31907159?previous_page_section_name=1000&federated_search_id=a6921ba4-5ae3-490a-adbb-55963f3924ad
Spacious 1BHK flat available for stay @ BTM Layout,Entire flat in Bengaluru,3 guests - 1 bedroom - 1 bed - 1 bathroom,Washing machine - Kitchen - Free parking,"Rs.1,129",4.75,4,https://www.airbnb.co.in/rooms/45962325?previous_page_section_name=1000&federated_search_id=a6921ba4-5ae3-490a-adbb-55963f3924ad
Luxury 1bhk  close to wipro Infosys narayana,Entire flat in Bengaluru,2 guests - 1 bedroom - 1 bed - 1 bathroom,Wifi - Washing machine - Lift - Air conditioning,"Rs.1,220",4.81,26,https://www.airbnb.co.in/rooms/36817727?previous_page_section_name=1000&federated_search_id=a6921ba4-5ae3-490a-adbb-55963f3924ad
Independent well-furnished 1 Bed Apts in CBD,Entire serviced apartment in Bengaluru,2 guests - 1 bedroom - 3 beds - 1 bathroom,Wifi - Washing machine - Self check-in - Breakfast,"Rs.1,643",4.67,43,https://www.airbnb.co.in/rooms/10622836?previous_page_section_name=1000&federated_search_id=a6921ba4-5ae3-490a-adbb-55963f3924ad
1BHK in Koramangala for Work / Holiday,Entire flat in Bengaluru,2 guests - 1 bedroom - 1 bed - 1 bathroom,Wifi - Washing machine - Air conditioning - Pets allowed,"Rs.1,400",4.46,13,https://www.airbnb.co.in/rooms/32294773?previous_page_section_name=1000&federated_search_id=a6921ba4-5ae3-490a-adbb-55963f3924ad
The House of Joy 2,Private room in Bengaluru,4 guests - 1 bedroom - 2 beds - 2 bathrooms,Wifi - Washing machine - Dryer - Air conditioning,Rs.800,4.88,40,https://www.airbnb.co.in/rooms/21513178?previous_page_section_name=1000&federated_search_id=0345bd33-738e-4016-8667-6eb1b544a396
Paradise-Manyata Tech Park:BR3-Place to unwind,Private room in Bengaluru,2 guests - 1 bedroom - 1 bed - 0 shared bathrooms,Wifi - Washing machine - Air conditioning - Kitchen,Rs.900,4.83,24,https://www.airbnb.co.in/rooms/35523481?previous_page_section_name=1000&federated_search_id=0345bd33-738e-4016-8667-6eb1b544a396
Entire premium flat 1 BHK with kitchen - P3,Entire flat in Bengaluru,2 guests - 1 bedroom - 1 bed - 1 bathroom,Wifi - Washing machine - Self check-in - Dryer,"Rs.1,799",4.85,27,https://www.airbnb.co.in/rooms/34992117?previous_page_section_name=1000&federated_search_id=0345bd33-738e-4016-8667-6eb1b544a396
Exclusive cosy penthouse with a private terrace,Entire flat in Bengaluru,3 guests - 1 bedroom - 1 bed - 1.5 bathrooms,Wifi - Washing machine - Self check-in - Air conditioning,"Rs.2,129",4.92,25,https://www.airbnb.co.in/rooms/38928254?previous_page_section_name=1000&federated_search_id=0345bd33-738e-4016-8667-6eb1b544a396
SliceInn Ivy : Private Cozy Room @HSR,Private room in Bengaluru,2 guests - 1 bedroom - 1 bed - 1 private bathroom,Wifi - Washing machine - Dryer - Pets allowed,Rs.750,4.64,11,https://www.airbnb.co.in/rooms/32877474?previous_page_section_name=1000&federated_search_id=0345bd33-738e-4016-8667-6eb1b544a396
‚ö°LITTLE BRAZIL | SPARKLING CLEAN | BEST LOCATION,Entire flat in Bengaluru,2 guests - 1 bedroom - 2 beds - 1 bathroom,Wifi - Washing machine - Lift - Self check-in,"Rs.1,013",4.23,53,https://www.airbnb.co.in/rooms/31916281?previous_page_section_name=1000&federated_search_id=0345bd33-738e-4016-8667-6eb1b544a396
Clover - Kitkat,Entire loft in Bengaluru,2 guests - Studio - 1 bed - 1 bathroom,Wifi - Self check-in - Air conditioning,Rs.800,4.47,66,https://www.airbnb.co.in/rooms/16222938?previous_page_section_name=1000&federated_search_id=0345bd33-738e-4016-8667-6eb1b544a396
"Entire 1 BHK,Couple friendly, 1 km from Forum Mall",Entire flat in Bengaluru,3 guests - 1 bedroom - 1 bed - 1 bathroom,Wifi - Washing machine - Lift - Self check-in,"Rs.1,350",4.50,4,https://www.airbnb.co.in/rooms/40956584?previous_page_section_name=1000&federated_search_id=0345bd33-738e-4016-8667-6eb1b544a396
"Home sweet home,CoupleFriendly,next to Koramangala",Entire flat in Bengaluru,3 guests - 1 bedroom - 1 bed - 1 bathroom,Wifi - Washing machine - Lift - Self check-in,"Rs.1,350",4.58,12,https://www.airbnb.co.in/rooms/41050951?previous_page_section_name=1000&federated_search_id=0345bd33-738e-4016-8667-6eb1b544a396
Corner Stone,Entire flat in Bengaluru,2 guests - 1 bedroom - 1 bed - 1 bathroom,Wifi - Lift - Kitchen,Rs.750,4.63,16,https://www.airbnb.co.in/rooms/21643118?previous_page_section_name=1000&federated_search_id=0345bd33-738e-4016-8667-6eb1b544a396
PrivateStudio/GWifi-Kitchen-Near Manyata Tech Park,Entire flat in Bengaluru,4 guests - 1 bedroom - 2 beds - 2 bathrooms,Wifi - Washing machine - Lift - Self check-in,"Rs.1,223",4.65,141,https://www.airbnb.co.in/rooms/19406549?previous_page_section_name=1000&federated_search_id=0345bd33-738e-4016-8667-6eb1b544a396
Apartment bathed in Sunshine 4 - TLBW Group,Entire flat in Bengaluru,2 guests - 1 bedroom - 1 bed - 1 bathroom,Wifi - Kitchen - Free parking,Rs.993,4.65,20,https://www.airbnb.co.in/rooms/37614752?previous_page_section_name=1000&federated_search_id=0345bd33-738e-4016-8667-6eb1b544a396
HelloWorld Nagwara | Hebbal | Manyata Tech Park -1,Private room in Bengaluru,2 guests - 1 bedroom - 2 beds - 1 private bathroom,Wifi - Washing machine - Lift - Dryer,Rs.740,4.0,7,https://www.airbnb.co.in/rooms/40332475?previous_page_section_name=1000&federated_search_id=0345bd33-738e-4016-8667-6eb1b544a396
Bengaluru Home with a  Patio View - Well sanitized,Private room in Bengaluru,2 guests - 1 bedroom - 1 bed - 1 private bathroom,Wifi - Washing machine - Lift - Self check-in,Rs.999,4.90,29,https://www.airbnb.co.in/rooms/24592567?previous_page_section_name=1000&federated_search_id=0345bd33-738e-4016-8667-6eb1b544a396
1 Bed apartment-Can't get central than this,Entire serviced apartment in Bengaluru,2 guests - 1 bedroom - 1 bed - 1.5 bathrooms,Wifi - Air conditioning - Kitchen,"Rs.1,600",4.66,30,https://www.airbnb.co.in/rooms/29497713?previous_page_section_name=1000&federated_search_id=0345bd33-738e-4016-8667-6eb1b544a396
Grace's Inn,Private room in Bengaluru,2 guests - 1 bedroom - 2 beds - 1 private bathroom,Wifi - Washing machine - Self check-in - Pets allowed,Rs.750,4.80,61,https://www.airbnb.co.in/rooms/27640066?previous_page_section_name=1000&federated_search_id=0345bd33-738e-4016-8667-6eb1b544a396
Private room - Terrace access - Couple Friendly,Private room in Bengaluru,2 guests - 1 bedroom - 1 bed - 1 private bathroom,Wifi - Washing machine - Lift - Dryer,Rs.850,5.0,10,https://www.airbnb.co.in/rooms/39232591?previous_page_section_name=1000&federated_search_id=0345bd33-738e-4016-8667-6eb1b544a396
1bedroom 1small living -couple friendly flat,Entire villa in Bengaluru,5 guests - 1 bedroom - 1 bed - 1 bathroom,Wifi - Kitchen - Free parking,Rs.899,4.63,8,https://www.airbnb.co.in/rooms/36638238?previous_page_section_name=1000&federated_search_id=829a2ab4-06a8-4d75-9167-7043ed4ee349
JINI Space- Single private room with attached bath,Entire house in Bengaluru,1 guest - Studio - 2 beds - 1.5 bathrooms,Wifi - Air conditioning - Free parking - Washing machine,Rs.734,4.94,48,https://www.airbnb.co.in/rooms/23735221?previous_page_section_name=1000&federated_search_id=829a2ab4-06a8-4d75-9167-7043ed4ee349
Grace's Inn,Private room in Bengaluru,2 guests - 1 bedroom - 2 beds - 1 private bathroom,Wifi - Free parking - Pets allowed - Washing machine,Rs.750,4.80,61,https://www.airbnb.co.in/rooms/27640066?previous_page_section_name=1000&federated_search_id=829a2ab4-06a8-4d75-9167-7043ed4ee349
"Peepal tree view close to IISc, Ramaiah, WTC",Entire flat in Bengaluru,3 guests - 1 bedroom - 1 bed - 1 bathroom,Wifi - Kitchen,"Rs.1,400",4.93,27,https://www.airbnb.co.in/rooms/34261277?previous_page_section_name=1000&federated_search_id=829a2ab4-06a8-4d75-9167-7043ed4ee349
Boutique Distraction-free Space,Entire flat in Bengaluru,2 guests - 1 bedroom - 1 bed - 1 bathroom,Wifi - Gym - Lift - Washing machine,Rs.999,4.0,32,https://www.airbnb.co.in/rooms/31916640?previous_page_section_name=1000&federated_search_id=829a2ab4-06a8-4d75-9167-7043ed4ee349
Monthly stay in HSR @15k,Private room in Bengaluru,1 guest - 1 bedroom - 1 bed - 1 shared bathroom,Wifi - Kitchen - Free parking - Pets allowed,Rs.780,5.0,5,https://www.airbnb.co.in/rooms/42159427?previous_page_section_name=1000&federated_search_id=829a2ab4-06a8-4d75-9167-7043ed4ee349
Premium AC room w/ kitchen access,Private room in Bengaluru,2 guests - 1 bedroom - 1 bed - 1 shared bathroom,Wifi - Air conditioning - Kitchen - Free parking,Rs.837,4.67,3,https://www.airbnb.co.in/rooms/37993071?previous_page_section_name=1000&federated_search_id=829a2ab4-06a8-4d75-9167-7043ed4ee349
The Bumblebees Nest,Entire house in Bengaluru,4 guests - 1 bedroom - 1 bed - 1 bathroom,Wifi - Air conditioning - Kitchen - Free parking,"Rs.1,250",4.50,15,https://www.airbnb.co.in/rooms/37118108?previous_page_section_name=1000&federated_search_id=829a2ab4-06a8-4d75-9167-7043ed4ee349
Studio Room Near Kempegowda International Airport,Entire flat in Chikkajala,3 guests - 1 bedroom - 1 bed - 1 bathroom,Wifi - Air conditioning - Kitchen - Free parking,"Rs.2,071",4.60,15,https://www.airbnb.co.in/rooms/43763117?previous_page_section_name=1000&federated_search_id=829a2ab4-06a8-4d75-9167-7043ed4ee349
Chaithanya Nilaya,Entire apartment in Bengaluru,2 guests - 2 bedrooms - 2 beds - 2 bathrooms,Wifi - Washing machine - Dryer - Kitchen,"Rs.1,250",4.93,27,https://www.airbnb.co.in/rooms/29793542?previous_page_section_name=1000&federated_search_id=f6b31868-d3bb-45d0-867c-e1482d457c0b
Anns Studios,Entire flat in Bangalore,2 guests - 1 bedroom - 4 beds - 1.5 bathrooms,Wifi - Washing machine - Lift - Self check-in,Rs.750,4.20,15,https://www.airbnb.co.in/rooms/29313177?previous_page_section_name=1000&federated_search_id=f6b31868-d3bb-45d0-867c-e1482d457c0b
"Gaurav‚Äôs plant filled,cozy, safe and sanitised den",Private room in Bengaluru,1 guest - 1 bedroom - 1 bed - 1.5 shared bathrooms,Wifi - Washing machine - Lift - Free parking,Rs.800,5.0,3,https://www.airbnb.co.in/rooms/45298619?previous_page_section_name=1000&federated_search_id=f6b31868-d3bb-45d0-867c-e1482d457c0b
COUPLE FRIENDLY FRENCH QUARTER-SAFE AND SANITIZED,Entire flat in Bengaluru,2 guests - 1 bedroom - 1 bed - 1 bathroom,Wifi - Washing machine - Lift - Self check-in,"Rs.1,099",4.37,60,https://www.airbnb.co.in/rooms/31907149?previous_page_section_name=1000&federated_search_id=f6b31868-d3bb-45d0-867c-e1482d457c0b
Clover - Marshmello,Entire flat in Bengaluru,2 guests - Studio - 1 bed - 1 bathroom,Wifi - Self check-in - Air conditioning - Kitchen,"Rs.1,380",4.74,31,https://www.airbnb.co.in/rooms/16222841?previous_page_section_name=1000&federated_search_id=f6b31868-d3bb-45d0-867c-e1482d457c0b
Nani's House: Where dream retreats are made,Entire flat in Bengaluru,4 guests - 2 bedrooms - 2 beds - 3 bathrooms,Washing machine - Lift - Air conditioning - Kitchen,"Rs.3,099",5.0,21,https://www.airbnb.co.in/rooms/34317079?previous_page_section_name=1000&federated_search_id=f6b31868-d3bb-45d0-867c-e1482d457c0b
Stay a minute away from MG Road!,Room in serviced apartment in Bengaluru,2 guests - 1 bedroom - 1 bed - 1.5 bathrooms,Wifi - Washing machine - Lift - Self check-in,"Rs.1,550",4.79,14,https://www.airbnb.co.in/rooms/21855924?previous_page_section_name=1000&federated_search_id=f6b31868-d3bb-45d0-867c-e1482d457c0b
Spacious Bedroom with private bath,Private room in Bengaluru,1 guest - 1 bedroom - 1 bed - 1 private bathroom,Wifi - Kitchen - Free parking,Rs.900,4.25,4,https://www.airbnb.co.in/rooms/14083255?previous_page_section_name=1000&federated_search_id=f6b31868-d3bb-45d0-867c-e1482d457c0b
‚ö°YOLO HOME IN THE HEART OF THE CITY- with AC,Entire flat in Bengaluru,2 guests - 1 bedroom - 1 bed - 1 bathroom,Wifi - Washing machine - Self check-in - Dryer,"Rs.1,707",4.75,155,https://www.airbnb.co.in/rooms/19043918?previous_page_section_name=1000&federated_search_id=f6b31868-d3bb-45d0-867c-e1482d457c0b
"Modern, Artistic Studio Space",Entire house in Bengaluru,1 guest - Studio - 1 bed - 1 bathroom,Wifi,"Rs.1,049",5.0,6,https://www.airbnb.co.in/rooms/39538664?previous_page_section_name=1000&federated_search_id=f6b31868-d3bb-45d0-867c-e1482d457c0b
JINI Space- Single private room with attached bath,Entire house in Bengaluru,1 guest - Studio - 2 beds - 1.5 bathrooms,Wifi - Washing machine - Dryer - Air conditioning,Rs.734,4.94,48,https://www.airbnb.co.in/rooms/23735221?previous_page_section_name=1000&federated_search_id=f6b31868-d3bb-45d0-867c-e1482d457c0b
"Entire Cozy Flat with Kitchen,1km away from forum",Entire flat in Bengaluru,3 guests - 1 bedroom - 1 bed - 1 bathroom,Wifi - Washing machine - Lift - Self check-in,"Rs.1,350",4.33,6,https://www.airbnb.co.in/rooms/40967508?previous_page_section_name=1000&federated_search_id=f6b31868-d3bb-45d0-867c-e1482d457c0b
Clover - CandyBlast,Entire loft in Bengaluru,2 guests - Studio - 1 bed - 1 bathroom,Wifi - Self check-in - Kitchen,Rs.740,4.65,34,https://www.airbnb.co.in/rooms/15850216?previous_page_section_name=1000&federated_search_id=f6b31868-d3bb-45d0-867c-e1482d457c0b
"Entire 1 BHK , Couple Friendly,BTM 1st stage",Entire flat in Bengaluru,3 guests - 1 bedroom - 1 bed - 1 bathroom,Wifi - Washing machine - Self check-in - Dryer,"Rs.1,214",4.45,11,https://www.airbnb.co.in/rooms/41853563?previous_page_section_name=1000&federated_search_id=f6b31868-d3bb-45d0-867c-e1482d457c0b
Meditative and peaceful space in West Bangalore,Private room in Bengaluru,2 guests - 1 bedroom - 1 bed - 1 private bathroom,Washing machine - Self check-in,Rs.900,4.92,25,https://www.airbnb.co.in/rooms/28473571?previous_page_section_name=1000&federated_search_id=f6b31868-d3bb-45d0-867c-e1482d457c0b
"Cozy, spacious Penthouse",Entire flat in Bengaluru,2 guests - 1 bedroom - 2 beds - 1.5 bathrooms,Wifi - Pets allowed - Kitchen,"Rs.1,283",4.92,12,https://www.airbnb.co.in/rooms/24786998?previous_page_section_name=1000&federated_search_id=f6b31868-d3bb-45d0-867c-e1482d457c0b
Urban Kuteer Premium - Luxury Suite in South BLR,Entire guest suite in Bengaluru,3 guests - 1 bedroom - 1 bed - 1 bathroom,Wifi - Free parking,"Rs.1,799",5.0,9,https://www.airbnb.co.in/rooms/45979140?previous_page_section_name=1000&federated_search_id=f12727fc-10e0-4939-be2d-0ff4f96047dd
Nature's  Nest,Private room in Bengaluru,1 guest - 1 bedroom - 1 bed - 1 private bathroom,Wifi - Self check-in,Rs.850,4.83,23,https://www.airbnb.co.in/rooms/25493982?previous_page_section_name=1000&federated_search_id=f12727fc-10e0-4939-be2d-0ff4f96047dd
The Nest Koramangala: Premium studio suite,Entire flat in Bengaluru,2 guests - 1 bedroom - 1 bed - 1 bathroom,Kitchen - Wifi,"Rs.1,200",4.69,42,https://www.airbnb.co.in/rooms/22620200?previous_page_section_name=1000&federated_search_id=f12727fc-10e0-4939-be2d-0ff4f96047dd
Private Room with balcony 100 mts from Indiranagar,Hotel room in Bengaluru,2 guests - 1 bedroom - 1 bed - 1 bathroom,Wifi - Free parking,"Rs.1,450",4.91,11,https://www.airbnb.co.in/rooms/35026738?previous_page_section_name=1000&federated_search_id=f12727fc-10e0-4939-be2d-0ff4f96047dd
Meditative and peaceful space in West Bangalore,Private room in Bengaluru,2 guests - 1 bedroom - 1 bed - 1 private bathroom,Self check-in,Rs.900,4.92,25,https://www.airbnb.co.in/rooms/28473571?previous_page_section_name=1000&federated_search_id=f12727fc-10e0-4939-be2d-0ff4f96047dd
Locul.Uptown - Sanitized and clean Private Room,Room in aparthotel in Bengaluru,2 guests - 1 bedroom - 1 bed - 1 private bathroom,Kitchen - Wifi - Self check-in,Rs.899,4.33,3,https://www.airbnb.co.in/rooms/24175533?previous_page_section_name=1000&federated_search_id=f12727fc-10e0-4939-be2d-0ff4f96047dd
Clover - Froyo,Entire flat in Bengaluru,2 guests - 1 bedroom - 1 bed - 1 bathroom,Kitchen - Wifi - Self check-in,"Rs.1,250",4.70,53,https://www.airbnb.co.in/rooms/10580198?previous_page_section_name=1000&federated_search_id=f12727fc-10e0-4939-be2d-0ff4f96047dd
Single Room for Solo traveler - Independant house,Private room in Bengaluru,1 guest - 1 bedroom - 1 bed - 1 private bathroom,Kitchen - Wifi - Free parking,Rs.740,4.54,38,https://www.airbnb.co.in/rooms/20507763?previous_page_section_name=1000&federated_search_id=f12727fc-10e0-4939-be2d-0ff4f96047dd
BACKPACK DIGS: Shared space in 1 BHK Koramangala,Private room in Bengaluru,1 guest - 1 bedroom - 1 bed - 1.5 shared bathrooms,Kitchen - Wifi,Rs.805,4.57,43,https://www.airbnb.co.in/rooms/14823204?previous_page_section_name=1000&federated_search_id=f12727fc-10e0-4939-be2d-0ff4f96047dd
Spacious 2BHK-MGRoad-AC-Tranquil-Vybhav-GardenView,Entire serviced apartment in Bengaluru,5 guests - 2 bedrooms - 2 beds - 2 bathrooms,Kitchen - Wifi - Self check-in - Free parking,"Rs.1,797",5.0,4,https://www.airbnb.co.in/rooms/45449476?previous_page_section_name=1000&federated_search_id=f12727fc-10e0-4939-be2d-0ff4f96047dd
Nice house in West Bangalore with free parking,Entire house in Bengaluru,3 guests - 1 bedroom - 1 bed - 2.5 bathrooms,Kitchen - Wifi - Self check-in - Free parking,Rs.990,4.59,34,https://www.airbnb.co.in/rooms/18918953?previous_page_section_name=1000&federated_search_id=f12727fc-10e0-4939-be2d-0ff4f96047dd
‚ô•Ô∏èCOUPLE FRIENDLY LITTLE MEXICO| 40% OFF ‚ö°,Entire flat in Bengaluru,2 guests - 1 bedroom - 3 beds - 1.5 bathrooms,Wifi - Self check-in,"Rs.1,013",4.24,34,https://www.airbnb.co.in/rooms/32748426?previous_page_section_name=1000&federated_search_id=f12727fc-10e0-4939-be2d-0ff4f96047dd
‚ö°COUPLE FRIENDLY LITTLE JAPAN,Entire flat in Bengaluru,2 guests - 1 bedroom - 2 beds - 1 bathroom,Wifi - Self check-in,Rs.999,4.38,48,https://www.airbnb.co.in/rooms/31918552?previous_page_section_name=1000&federated_search_id=f12727fc-10e0-4939-be2d-0ff4f96047dd
AIR CONDITIONED SIMPLE 1BHK PENTHOUSE WITH KITCHEN,Entire flat in Bengaluru,2 guests - 1 bedroom - 1 bed - 1 bathroom,Kitchen - Wifi - Self check-in - Free parking,"Rs.1,199",4.08,27,https://www.airbnb.co.in/rooms/10181457?previous_page_section_name=1000&federated_search_id=f12727fc-10e0-4939-be2d-0ff4f96047dd
Comfort Living close to IIM Bengaluru.,"Private room in Arekere, Bengaluru,",2 guests - 1 bedroom - 1 bed - 1 private bathroom,Wifi - Washing machine - Kitchen,Rs.740,4.43,14,https://www.airbnb.co.in/rooms/20398247?previous_page_section_name=1000&federated_search_id=43d041e5-dfb9-4a12-9956-150f430c51d9
Stay a minute away from MG Road!,Room in serviced apartment in Bengaluru,2 guests - 1 bedroom - 1 bed - 1.5 bathrooms,Wifi - Washing machine - Lift - Self check-in,"Rs.1,550",4.79,14,https://www.airbnb.co.in/rooms/21855924?previous_page_section_name=1000&federated_search_id=43d041e5-dfb9-4a12-9956-150f430c51d9
One Bedroom Studio,Entire serviced apartment in Bengaluru,2 guests - 1 bedroom - 1 bed - 1 bathroom,Wifi - Washing machine - Breakfast - Air conditioning,"Rs.1,971",4.70,10,https://www.airbnb.co.in/rooms/43885894?previous_page_section_name=1000&federated_search_id=43d041e5-dfb9-4a12-9956-150f430c51d9
Sun' Abode: Private Space in Indiranagar for RENT,Shared room in Bengaluru,1 guest - 1 bedroom - 1 bed - 1 shared bathroom,Wifi - Washing machine - Lift - Dryer,Rs.695,4.58,101,https://www.airbnb.co.in/rooms/16392310?previous_page_section_name=1000&federated_search_id=43d041e5-dfb9-4a12-9956-150f430c51d9
Spacious 1BHK- WiFi -Tranquil Serviced Apartments,Entire serviced apartment in Bengaluru,3 guests - 1 bedroom - 1 bed - 1 bathroom,Wifi - Lift - Kitchen - Free parking,"Rs.1,173",4.77,22,https://www.airbnb.co.in/rooms/27141720?previous_page_section_name=1000&federated_search_id=43d041e5-dfb9-4a12-9956-150f430c51d9
Sliceinn Cedar : Your own room in a bungalow @ hsr,Private room in Bengaluru,2 guests - 1 bedroom - 1 bed - 1 shared bathroom,Wifi - Dryer - Pets allowed - Kitchen,Rs.799,4.78,9,https://www.airbnb.co.in/rooms/41198233?previous_page_section_name=1000&federated_search_id=43d041e5-dfb9-4a12-9956-150f430c51d9
Studio Room Near Kempegowda International Airport,Entire flat in Chikkajala,3 guests - 1 bedroom - 1 bed - 1 bathroom,Wifi - Self check-in - Air conditioning - Kitchen,"Rs.2,071",4.60,15,https://www.airbnb.co.in/rooms/43763117?previous_page_section_name=1000&federated_search_id=43d041e5-dfb9-4a12-9956-150f430c51d9
Blissful Home..NK,Private room in Bangalore,2 guests - 1 bedroom - 2 beds - 1 private bathroom,Wifi - Washing machine - Lift - Self check-in,Rs.899,4.80,56,https://www.airbnb.co.in/rooms/24570637?previous_page_section_name=1000&federated_search_id=43d041e5-dfb9-4a12-9956-150f430c51d9
Radhika's Rustic Man√© - a cosy home away from city,Entire guest house in Bengaluru,4 guests - 1 bedroom - 2 beds - 1 bathroom,Wifi - Washing machine - Self check-in - Dryer,Rs.850,4.85,41,https://www.airbnb.co.in/rooms/36674361?previous_page_section_name=1000&federated_search_id=43d041e5-dfb9-4a12-9956-150f430c51d9
Spacious Private Cottage near Nimhans Hospital.,Entire cottage in Bengaluru,3 guests - Studio - 2 beds - 1.5 bathrooms,Wifi - Hot tub - Kitchen,"Rs.1,829",4.0,3,https://www.airbnb.co.in/rooms/45530015?previous_page_section_name=1000&federated_search_id=43d041e5-dfb9-4a12-9956-150f430c51d9
"Modern, Artistic Studio Space",Entire house in Bengaluru,1 guest - Studio - 1 bed - 1 bathroom,Wifi,"Rs.1,049",5.0,6,https://www.airbnb.co.in/rooms/39538664?previous_page_section_name=1000&federated_search_id=43d041e5-dfb9-4a12-9956-150f430c51d9
1 Bed apartment-Can't get central than this,Entire serviced apartment in Bengaluru,2 guests - 1 bedroom - 1 bed - 1.5 bathrooms,Wifi - Air conditioning - Kitchen,"Rs.1,600",4.66,30,https://www.airbnb.co.in/rooms/29497713?previous_page_section_name=1000&federated_search_id=43d041e5-dfb9-4a12-9956-150f430c51d9
Bose Compound Cottage,Entire cottage in Bengaluru,2 guests - 1 bedroom - 1 bed - 1.5 bathrooms,Wifi - Washing machine - Kitchen - Free parking,"Rs.1,600",4.81,17,https://www.airbnb.co.in/rooms/20767422?previous_page_section_name=1000&federated_search_id=43d041e5-dfb9-4a12-9956-150f430c51d9
"Single room-Wifi-Balcony-near BTM Layout,Bangalore",Entire apartment in Bengaluru,3 guests - 1 bedroom - 1 bed - 1 bathroom,Wifi - Kitchen - Free parking - Washing machine,Rs.999,4.67,6,https://www.airbnb.co.in/rooms/41634440?previous_page_section_name=1000&federated_search_id=d3c42b17-d57b-499e-8e05-4d3d3826c0e4
Locul.Uptown - Sanitized and clean Private Room,Room in aparthotel in Bengaluru,2 guests - 1 bedroom - 1 bed - 1 private bathroom,Wifi - Kitchen - Breakfast - Lift,Rs.899,4.33,3,https://www.airbnb.co.in/rooms/24175533?previous_page_section_name=1000&federated_search_id=d3c42b17-d57b-499e-8e05-4d3d3826c0e4
Blissful Home..NK,Private room in Bangalore,2 guests - 1 bedroom - 2 beds - 1 private bathroom,Wifi - Air conditioning - Kitchen - Lift,Rs.899,4.80,56,https://www.airbnb.co.in/rooms/24570637?previous_page_section_name=1000&federated_search_id=d3c42b17-d57b-499e-8e05-4d3d3826c0e4
‚ö°COUPLE FRIENDLY LITTLE JAPAN,Entire flat in Bengaluru,2 guests - 1 bedroom - 2 beds - 1 bathroom,Wifi - Gym - Breakfast - Lift,Rs.999,4.38,48,https://www.airbnb.co.in/rooms/31918552?previous_page_section_name=1000&federated_search_id=d3c42b17-d57b-499e-8e05-4d3d3826c0e4
Grandma's Place! ‚òÖ Garden View ‚òÖ Free Parking ‚òÖ,Private room in Bengaluru,3 guests - 1 bedroom - 2 beds - 1 private bathroom,Kitchen - Free parking - Pets allowed - Hot tub,Rs.799,4.48,52,https://www.airbnb.co.in/rooms/22053980?previous_page_section_name=1000&federated_search_id=d3c42b17-d57b-499e-8e05-4d3d3826c0e4
PrivateStudio/AC-WIFI-Private Kitchen Nr. Manyata!,Entire flat in Bengaluru,4 guests - 1 bedroom - 2 beds - 1.5 bathrooms,Wifi - Air conditioning - Kitchen - Free parking,"Rs.1,159",5.0,5,https://www.airbnb.co.in/rooms/43737363?previous_page_section_name=1000&federated_search_id=d3c42b17-d57b-499e-8e05-4d3d3826c0e4
Studio near ManyataTech and Airport with Kitchen,Entire house in Bengaluru,2 guests - Studio - 1 bed - 1 bathroom,Wifi - Kitchen,Rs.740,4.72,29,https://www.airbnb.co.in/rooms/24028726?previous_page_section_name=1000&federated_search_id=d3c42b17-d57b-499e-8e05-4d3d3826c0e4
Standard AC room in the heart of Indiranagar,Hotel room in Bengaluru,2 guests - 1 bedroom - 1 bed - 1 bathroom,Wifi - Air conditioning - Kitchen - Free parking,"Rs.1,500",4.85,27,https://www.airbnb.co.in/rooms/30943696?previous_page_section_name=1000&federated_search_id=d3c42b17-d57b-499e-8e05-4d3d3826c0e4
Studio Apartment,Entire flat in Bengaluru,2 guests - 1 bedroom - 1 bed - 1 bathroom,Wifi - Kitchen - Lift - Self check-in,"Rs.1,000",4.55,42,https://www.airbnb.co.in/rooms/6468307?previous_page_section_name=1000&federated_search_id=d3c42b17-d57b-499e-8e05-4d3d3826c0e4
Cozy Private Room - Private Room in a villa,Private room in Bengaluru,2 guests - 1 bedroom - 1 bed - 1 private bathroom,Wifi - Kitchen - Free parking,Rs.900,5.0,9,https://www.airbnb.co.in/rooms/37315451?previous_page_section_name=1000&federated_search_id=d3c42b17-d57b-499e-8e05-4d3d3826c0e4
"üíïEasy Breezy‚ù§
üíØ Pvt 2 Bhk Cpl Friendly
Full Flat",Entire flat in Bengaluru,4 guests - 2 bedrooms - 2 beds - 2.5 bathrooms,Wifi - Kitchen - Free parking - Pets allowed,"Rs.1,100",4.67,6,https://www.airbnb.co.in/rooms/44544877?previous_page_section_name=1000&federated_search_id=d3c42b17-d57b-499e-8e05-4d3d3826c0e4
Spacious Private Cottage near Nimhans Hospital.,Entire cottage in Bengaluru,3 guests - Studio - 2 beds - 1.5 bathrooms,Wifi - Kitchen - Hot tub,"Rs.1,829",4.0,3,https://www.airbnb.co.in/rooms/45530015?previous_page_section_name=1000&federated_search_id=d3c42b17-d57b-499e-8e05-4d3d3826c0e4
The Nook at Bose Compound,Entire guest house in Bengaluru,2 guests - 1 bedroom - 1 bed - 1 bathroom,Wifi - Self check-in - Kitchen - Free parking,"Rs.1,200",4.71,42,https://www.airbnb.co.in/rooms/22335455?previous_page_section_name=1000&federated_search_id=fef647d9-f58e-4178-846c-22c8b8c1b616
Private 1 BHK Pent house to Chill relax & enjoy,Entire flat in Bengaluru,12 guests - 1 bedroom - 2 beds - 1 bathroom,Wifi - Washing machine - Lift - Air conditioning,"Rs.2,471",4.77,73,https://www.airbnb.co.in/rooms/32159286?previous_page_section_name=1000&federated_search_id=fef647d9-f58e-4178-846c-22c8b8c1b616
1 Bed apartment-Can't get central than this,Entire serviced apartment in Bengaluru,2 guests - 1 bedroom - 1 bed - 1.5 bathrooms,Wifi - Air conditioning - Kitchen,"Rs.1,600",4.66,30,https://www.airbnb.co.in/rooms/29497713?previous_page_section_name=1000&federated_search_id=fef647d9-f58e-4178-846c-22c8b8c1b616
Quarantine friendly  in charming Koramangala,Entire flat in Bengaluru,2 guests - 1 bedroom - 1 bed - 1 bathroom,Wifi - Washing machine - Lift - Self check-in,"Rs.1,200",4.80,5,https://www.airbnb.co.in/rooms/24705719?previous_page_section_name=1000&federated_search_id=fef647d9-f58e-4178-846c-22c8b8c1b616
Bose Compound Cottage,Entire cottage in Bengaluru,2 guests - 1 bedroom - 1 bed - 1.5 bathrooms,Wifi - Washing machine - Kitchen - Free parking,"Rs.1,600",4.81,17,https://www.airbnb.co.in/rooms/20767422?previous_page_section_name=1000&federated_search_id=fef647d9-f58e-4178-846c-22c8b8c1b616
Studio Room walk-able,Hotel room in Bengaluru,2 guests - 1 bedroom - 1 bed - 1 bathroom,Wifi - Lift - Breakfast - Air conditioning,"Rs.1,376",4.33,3,https://www.airbnb.co.in/rooms/24883294?previous_page_section_name=1000&federated_search_id=fef647d9-f58e-4178-846c-22c8b8c1b616
"Managed residence By Aura, Mysore road.",Entire serviced apartment in Bengaluru,2 guests - 1 bedroom - 0 beds - 1 bathroom,Wifi - Lift - Air conditioning - Gym,"Rs.1,500",5.0,4,https://www.airbnb.co.in/rooms/39238990?previous_page_section_name=1000&federated_search_id=fef647d9-f58e-4178-846c-22c8b8c1b616
The Jasper Suite - A Self-Serviced Residence,Entire apartment in Bengaluru,2 guests - 1 bedroom - 1 bed - 1 bathroom,Wifi - Washing machine - Lift - Self check-in,"Rs.2,499",5.0,14,https://www.airbnb.co.in/rooms/40653355?previous_page_section_name=1000&federated_search_id=fef647d9-f58e-4178-846c-22c8b8c1b616
Urban Kuteer Premium - Luxury Suite in South BLR,Entire guest suite in Bengaluru,3 guests - 1 bedroom - 1 bed - 1 bathroom,Wifi - Air conditioning - Hot tub - Free parking,"Rs.1,799",5.0,9,https://www.airbnb.co.in/rooms/45979140?previous_page_section_name=1000&federated_search_id=fef647d9-f58e-4178-846c-22c8b8c1b616
Clover - Flapjack,Entire flat in Bengaluru,2 guests - Studio - 1 bed - 1 bathroom,Wifi - Self check-in - Air conditioning - Kitchen,"Rs.1,275",4.55,67,https://www.airbnb.co.in/rooms/10082854?previous_page_section_name=1000&federated_search_id=fef647d9-f58e-4178-846c-22c8b8c1b616
Cozy home in a dynamic locality,Entire flat in Bengaluru,2 guests - 1 bedroom - 1 bed - 1 bathroom,Washing machine - Lift - Self check-in - Kitchen,Rs.750,5.0,26,https://www.airbnb.co.in/rooms/19335462?previous_page_section_name=1000&federated_search_id=fef647d9-f58e-4178-846c-22c8b8c1b616
Comfort Living close to IIM Bengaluru.,"Private room in Arekere, Bengaluru,",2 guests - 1 bedroom - 1 bed - 1 private bathroom,Wifi - Washing machine - Kitchen,Rs.740,4.43,14,https://www.airbnb.co.in/rooms/20398247?previous_page_section_name=1000&federated_search_id=fef647d9-f58e-4178-846c-22c8b8c1b616
Habitat 04,Hotel room in Bengaluru,2 guests - 1 bedroom - 1 bed - 1 bathroom,Wifi,"Rs.1,300",4.82,11,https://www.airbnb.co.in/rooms/31464752?previous_page_section_name=1000&federated_search_id=41bfd3b6-22cc-42df-b930-bc661d17c5cf
Grandma's Place! ‚òÖ Garden View ‚òÖ Free Parking ‚òÖ,Private room in Bengaluru,3 guests - 1 bedroom - 2 beds - 1 private bathroom,Kitchen - Free parking,Rs.799,4.48,52,https://www.airbnb.co.in/rooms/22053980?previous_page_section_name=1000&federated_search_id=41bfd3b6-22cc-42df-b930-bc661d17c5cf
Boutique Room 11 at Meraki Suites - Indiranagar,Private room in Bengaluru,2 guests - 1 bedroom - 1 bed - 1 private bathroom,Wifi,"Rs.2,500",4.71,17,https://www.airbnb.co.in/rooms/41060867?previous_page_section_name=1000&federated_search_id=41bfd3b6-22cc-42df-b930-bc661d17c5cf
Cosy peaceful single room b/w city and airport,Private room in Bengaluru,2 guests - 1 bedroom - 1 bed - 1 private bathroom,Wifi - Self check-in - Free parking,Rs.840,5.0,3,https://www.airbnb.co.in/rooms/17162287?previous_page_section_name=1000&federated_search_id=41bfd3b6-22cc-42df-b930-bc661d17c5cf
A Studio Room on 3rd Floor (No Lift) with kitchen,Entire house in Bengaluru,2 guests - 1 bedroom - 1 bed - 1 bathroom,Kitchen - Wifi - Self check-in - Free parking,Rs.800,4.90,21,https://www.airbnb.co.in/rooms/21537563?previous_page_section_name=1000&federated_search_id=41bfd3b6-22cc-42df-b930-bc661d17c5cf
2bhk Electronic City ‚òÖ 50 inch TV ‚òÖ Beautiful View,Entire serviced apartment in Bengaluru,4 guests - 2 bedrooms - 2 beds - 1 bathroom,Kitchen - Wifi - Free parking,"Rs.1,382",4.81,37,https://www.airbnb.co.in/rooms/36285578?previous_page_section_name=1000&federated_search_id=41bfd3b6-22cc-42df-b930-bc661d17c5cf
Entire cozy apartment close to everything,Entire flat in Bengaluru,3 guests - 2 bedrooms - 2 beds - 2 bathrooms,Kitchen - Wifi - Self check-in,"Rs.2,057",4.88,49,https://www.airbnb.co.in/rooms/22180329?previous_page_section_name=1000&federated_search_id=41bfd3b6-22cc-42df-b930-bc661d17c5cf
The Emerald Suite A Serviced Residence Koramangala,Entire apartment in Bengaluru,4 guests - 2 bedrooms - 2 beds - 2 bathrooms,Kitchen - Wifi - Self check-in - Free parking,"Rs.3,499",4.82,34,https://www.airbnb.co.in/rooms/32543502?previous_page_section_name=1000&federated_search_id=41bfd3b6-22cc-42df-b930-bc661d17c5cf
Entire 1 BHK Couple Friendly 2.3KM from Forum mall,Entire flat in Bengaluru,2 guests - 1 bedroom - 1 bed - 1 bathroom,Kitchen - Wifi - Self check-in,"Rs.1,204",4.88,8,https://www.airbnb.co.in/rooms/34164069?previous_page_section_name=1000&federated_search_id=41bfd3b6-22cc-42df-b930-bc661d17c5cf
Chaithanya Nilaya,Entire apartment in Bengaluru,2 guests - 2 bedrooms - 2 beds - 2 bathrooms,Kitchen - Wifi - Free parking,"Rs.1,250",4.93,27,https://www.airbnb.co.in/rooms/29793542?previous_page_section_name=1000&federated_search_id=41bfd3b6-22cc-42df-b930-bc661d17c5cf
Blissful Home..NK,Private room in Bangalore,2 guests - 1 bedroom - 2 beds - 1 private bathroom,Wifi - Air conditioning - Kitchen - Lift,Rs.899,4.80,56,https://www.airbnb.co.in/rooms/24570637?previous_page_section_name=1000&federated_search_id=213a5690-377c-4725-a99a-76d8a9ea77e8
Spacious One Bedroom Flat-Wifi-Amenities-Bangalore,Entire flat in Bangalore,4 guests - 1 bedroom - 2 beds - 1 bathroom,Wifi - Air conditioning - Kitchen - Free parking,"Rs.1,700",4.80,5,https://www.airbnb.co.in/rooms/35984353?previous_page_section_name=1000&federated_search_id=213a5690-377c-4725-a99a-76d8a9ea77e8
PEACE HAVEN - 2BHK @ RT NAGAR,Entire flat in Bengaluru,3 guests - 2 bedrooms - 2 beds - 2 bathrooms,Wifi - Kitchen - Breakfast - Washing machine,"Rs.1,750",4.88,16,https://www.airbnb.co.in/rooms/37901725?previous_page_section_name=1000&federated_search_id=213a5690-377c-4725-a99a-76d8a9ea77e8
Entire premium flat 1 BHK with kitchen - P3,Entire flat in Bengaluru,2 guests - 1 bedroom - 1 bed - 1 bathroom,Wifi - Air conditioning - Kitchen - Washing machine,"Rs.1,799",4.85,27,https://www.airbnb.co.in/rooms/34992117?previous_page_section_name=1000&federated_search_id=213a5690-377c-4725-a99a-76d8a9ea77e8
PrivateStudio/AC-WIFI-Private Kitchen Nr. Manyata!,Entire flat in Bengaluru,4 guests - 1 bedroom - 1 bed - 1.5 bathrooms,Wifi - Air conditioning - Kitchen - Free parking,"Rs.1,200",4.88,8,https://www.airbnb.co.in/rooms/42876504?previous_page_section_name=1000&federated_search_id=213a5690-377c-4725-a99a-76d8a9ea77e8
JINI Space- Single private room with attached bath,Entire house in Bengaluru,1 guest - Studio - 2 beds - 1.5 bathrooms,Wifi - Air conditioning - Free parking - Washing machine,Rs.734,4.94,48,https://www.airbnb.co.in/rooms/23735221?previous_page_section_name=1000&federated_search_id=213a5690-377c-4725-a99a-76d8a9ea77e8
Private Studio Rooms-Wifi-Amenities-Bangalore,Entire apartment in Bengaluru,3 guests - 1 bedroom - 1 bed - 1 bathroom,Wifi - Kitchen - Breakfast - Lift,Rs.999,4.83,29,https://www.airbnb.co.in/rooms/30528644?previous_page_section_name=1000&federated_search_id=213a5690-377c-4725-a99a-76d8a9ea77e8
Ferns home,Entire townhouse in Bengaluru,5 guests - 2 bedrooms - 2 beds - 1 bathroom,Wifi - Free parking - Pets allowed - Washing machine,Rs.999,4.71,48,https://www.airbnb.co.in/rooms/29123377?previous_page_section_name=1000&federated_search_id=213a5690-377c-4725-a99a-76d8a9ea77e8
Private Studio Rooms-Wifi-Balcony-Bannerghatta Rd,Entire apartment in Bengaluru,3 guests - 1 bedroom - 1 bed - 1 bathroom,Wifi - Kitchen - Lift - Washing machine,Rs.999,4.50,20,https://www.airbnb.co.in/rooms/33354045?previous_page_section_name=1000&federated_search_id=213a5690-377c-4725-a99a-76d8a9ea77e8
"Accommodation  in Koramangala, Bangalore",Private room in Bengaluru,2 guests - 1 bedroom - 1 bed - 1 private bathroom,Wifi - Air conditioning - Kitchen - Free parking,Rs.999,4.29,21,https://www.airbnb.co.in/rooms/6838275?previous_page_section_name=1000&federated_search_id=213a5690-377c-4725-a99a-76d8a9ea77e8
"Kadackal Farms - Alphonso, Hivehomes, Bangalore",Entire cottage in Bylakere,3 guests - 1 bedroom - 1 bed - 1 bathroom,Air conditioning - Pool - Kitchen - Free parking,"Rs.2,733",4.49,70,https://www.airbnb.co.in/rooms/11727064?previous_page_section_name=1000&federated_search_id=213a5690-377c-4725-a99a-76d8a9ea77e8
Tranquil Escape Pad in the Heart of the City,Entire flat in Bengaluru,4 guests - 1 bedroom - 1 bed - 1.5 bathrooms,Wifi - Air conditioning - Lift - Washing machine,"Rs.2,250",4.49,79,https://www.airbnb.co.in/rooms/27820753?previous_page_section_name=1000&federated_search_id=213a5690-377c-4725-a99a-76d8a9ea77e8
Takshashila,Private room in Bengaluru,1 guest - 1 bedroom - 1 bed - 1 shared bathroom,Wifi - Free parking - Pets allowed,Rs.740,4.56,16,https://www.airbnb.co.in/rooms/24399916?previous_page_section_name=1000&federated_search_id=213a5690-377c-4725-a99a-76d8a9ea77e8
Well Lit 1bhk -WIFI -Tranquil Serviced Apartments,Entire serviced apartment in Bengaluru,3 guests - 1 bedroom - 1 bed - 1 bathroom,Wifi - Kitchen - Free parking - Lift,"Rs.1,170",4.78,50,https://www.airbnb.co.in/rooms/21734038?previous_page_section_name=1000&federated_search_id=213a5690-377c-4725-a99a-76d8a9ea77e8
Royal Stay 2 BHK Apartment,Entire flat in Bengaluru,5 guests - 2 bedrooms - 2 beds - 2 bathrooms,Wifi - Air conditioning - Kitchen - Free parking,"Rs.1,365",4.0,9,https://www.airbnb.co.in/rooms/45513129?previous_page_section_name=1000&federated_search_id=213a5690-377c-4725-a99a-76d8a9ea77e8
"Spacious bedroom @ 80 feet road, RMV 2nd stage",Private room in Bengaluru,2 guests - 1 bedroom - 1 bed - 1 private bathroom,Wifi - Free parking - Washing machine,"Rs.1,000",5.0,3,https://www.airbnb.co.in/rooms/41606081?previous_page_section_name=1000&federated_search_id=213a5690-377c-4725-a99a-76d8a9ea77e8
Casa Cottage - Heritage property,Private room in Bengaluru,2 guests - 1 bedroom - 1 bed - 1 private bathroom,Wifi - Air conditioning - Kitchen - Free parking,"Rs.2,000",4.73,26,https://www.airbnb.co.in/rooms/8296002?previous_page_section_name=1000&federated_search_id=213a5690-377c-4725-a99a-76d8a9ea77e8
"Homely stay in a room with balcony, good locality",Private room in Bengaluru,1 guest - 1 bedroom - 2 beds - 1 private bathroom,Kitchen - Wifi,Rs.750,5.0,4,https://www.airbnb.co.in/rooms/32625913?previous_page_section_name=1000&federated_search_id=010c892b-53a2-49ad-9d9a-5a4bfa3534e1
"Managed residence By Aura, Mysore road.",Entire serviced apartment in Bengaluru,2 guests - 1 bedroom - 0 beds - 1 bathroom,Kitchen - Wifi - Free parking,"Rs.1,500",5.0,4,https://www.airbnb.co.in/rooms/39238990?previous_page_section_name=1000&federated_search_id=010c892b-53a2-49ad-9d9a-5a4bfa3534e1
"Spacious,Airy,Independnt studio with Kitchn,balcny",Entire guest suite in Bengaluru,2 guests - 1 bedroom - 1 bed - 1 bathroom,Kitchen - Wifi - Self check-in,"Rs.1,200",4.88,25,https://www.airbnb.co.in/rooms/22961075?previous_page_section_name=1000&federated_search_id=010c892b-53a2-49ad-9d9a-5a4bfa3534e1
Marvel series - Private Room in a villa,Private room in Bengaluru,2 guests - 1 bedroom - 1 bed - 1 private bathroom,Kitchen - Wifi - Free parking,Rs.945,5.0,3,https://www.airbnb.co.in/rooms/38484277?previous_page_section_name=1000&federated_search_id=010c892b-53a2-49ad-9d9a-5a4bfa3534e1
Spacious 2BHK-MGRoad-AC-Tranquil-Vybhav-GardenView,Entire serviced apartment in Bengaluru,5 guests - 2 bedrooms - 2 beds - 2 bathrooms,Kitchen - Wifi - Self check-in - Free parking,"Rs.1,797",5.0,4,https://www.airbnb.co.in/rooms/45449476?previous_page_section_name=1000&federated_search_id=010c892b-53a2-49ad-9d9a-5a4bfa3534e1
1 Bedroom Apt in the Richmond Town,Entire flat in Bengaluru,3 guests - 1 bedroom - 0 beds - 1.5 bathrooms,Kitchen - Wifi - Self check-in - Free parking,"Rs.2,400",4.75,4,https://www.airbnb.co.in/rooms/5710224?previous_page_section_name=1000&federated_search_id=010c892b-53a2-49ad-9d9a-5a4bfa3534e1
‚òÖ Sunny 3 Bedroom Penthouse - ROOM 3‚òÖ,Room in serviced apartment in Bengaluru,2 guests - 1 bedroom - 1 bed - 1 private bathroom,Kitchen - Wifi - Free parking,"Rs.1,499",4.25,4,https://www.airbnb.co.in/rooms/35817920?previous_page_section_name=1000&federated_search_id=010c892b-53a2-49ad-9d9a-5a4bfa3534e1
"Single room-Wifi-Balcony-near BTM Layout,Bangalore",Entire apartment in Bengaluru,3 guests - 1 bedroom - 1 bed - 1 bathroom,Kitchen - Wifi - Self check-in - Free parking,Rs.999,4.67,6,https://www.airbnb.co.in/rooms/41634440?previous_page_section_name=1000&federated_search_id=010c892b-53a2-49ad-9d9a-5a4bfa3534e1
Studio Room walk-able,Hotel room in Bengaluru,2 guests - 1 bedroom - 1 bed - 1 bathroom,Kitchen - Wifi,"Rs.1,376",4.33,3,https://www.airbnb.co.in/rooms/24883294?previous_page_section_name=1000&federated_search_id=010c892b-53a2-49ad-9d9a-5a4bfa3534e1
"Super-Cozy 1 BHK, with terrace near E city. kudlu",Entire flat in Bengaluru,2 guests - 1 bedroom - 2 beds - 1 bathroom,Kitchen - Wifi - Free parking,"Rs.1,750",4.86,22,https://www.airbnb.co.in/rooms/37455664?previous_page_section_name=1000&federated_search_id=010c892b-53a2-49ad-9d9a-5a4bfa3534e1
"Entire  1 BHK Flat , couple friendly ,2 km Forum",Entire flat in Bengaluru,2 guests - 1 bedroom - 1 bed - 1 bathroom,Kitchen - Wifi - Self check-in,"Rs.1,214",4.60,5,https://www.airbnb.co.in/rooms/34161156?previous_page_section_name=1000&federated_search_id=010c892b-53a2-49ad-9d9a-5a4bfa3534e1
2bhk Electronic City ‚òÖ 50 inch TV ‚òÖ Beautiful View,Entire serviced apartment in Bengaluru,4 guests - 2 bedrooms - 2 beds - 1 bathroom,Kitchen - Wifi - Free parking,"Rs.1,382",4.81,37,https://www.airbnb.co.in/rooms/36285578?previous_page_section_name=1000&federated_search_id=010c892b-53a2-49ad-9d9a-5a4bfa3534e1
Premium 1 BHK Entire Flat with kitchen - P1,Entire flat in Bengaluru,2 guests - 1 bedroom - 1 bed - 1 bathroom,Kitchen - Wifi - Self check-in,"Rs.1,799",5.0,6,https://www.airbnb.co.in/rooms/34611483?previous_page_section_name=1000&federated_search_id=010c892b-53a2-49ad-9d9a-5a4bfa3534e1
Spacious Private Cottage near Nimhans Hospital.,Entire cottage in Bengaluru,3 guests - Studio - 2 beds - 1.5 bathrooms,Kitchen - Wifi,"Rs.1,829",4.0,3,https://www.airbnb.co.in/rooms/45530015?previous_page_section_name=1000&federated_search_id=010c892b-53a2-49ad-9d9a-5a4bfa3534e1
Penthouse in Indiranagar 1km from Manipal hospital,Entire house in Bengaluru,3 guests - 1 bedroom - 2 beds - 1 bathroom,Wifi - Washing machine - Self check-in - Air conditioning,"Rs.3,100",4.90,20,https://www.airbnb.co.in/rooms/40645988?previous_page_section_name=1000&federated_search_id=5a4cc652-a979-47fe-b2e4-d9e5d88d9790
"Kadackal Farms - Neelam, Hivehomes, Bangalore",Entire cottage in Bylakere,3 guests - 1 bedroom - 1 bed - 1.5 bathrooms,Washing machine - Air conditioning - Pool - Kitchen,"Rs.3,415",4.62,34,https://www.airbnb.co.in/rooms/40388474?previous_page_section_name=1000&federated_search_id=5a4cc652-a979-47fe-b2e4-d9e5d88d9790
Victoriya Inn - Your Den @ Our Home,Private room in Bengaluru,2 guests - 1 bedroom - 1 bed - 1 private bathroom,Wifi - Self check-in - Air conditioning - Kitchen,Rs.800,4.71,7,https://www.airbnb.co.in/rooms/39856690?previous_page_section_name=1000&federated_search_id=5a4cc652-a979-47fe-b2e4-d9e5d88d9790
The Onyx Penthouse - A Self Serviced Residence,Entire apartment in Bangalore,4 guests - 2 bedrooms - 3 beds - 3 bathrooms,Wifi - Washing machine - Self check-in - Air conditioning,"Rs.2,799",5.0,4,https://www.airbnb.co.in/rooms/45527852?previous_page_section_name=1000&federated_search_id=5a4cc652-a979-47fe-b2e4-d9e5d88d9790
The House by the Forest,Private room in Bengaluru,4 guests - 2 bedrooms - 4 beds - 3 shared bathrooms,Wifi - Pets allowed - Free parking,"Rs.1,500",4.33,6,https://www.airbnb.co.in/rooms/19390362?previous_page_section_name=1000&federated_search_id=5a4cc652-a979-47fe-b2e4-d9e5d88d9790
Experience 5 star cozy getaway in the city,Entire house in Bengaluru,4 guests - 2 bedrooms - 3 beds - 2.5 bathrooms,Wifi - Washing machine - Self check-in - Air conditioning,"Rs.3,300",4.79,56,https://www.airbnb.co.in/rooms/32490344?previous_page_section_name=1000&federated_search_id=5a4cc652-a979-47fe-b2e4-d9e5d88d9790
The House of Joy 2,Private room in Bengaluru,4 guests - 1 bedroom - 2 beds - 2 bathrooms,Wifi - Washing machine - Dryer - Air conditioning,Rs.800,4.88,40,https://www.airbnb.co.in/rooms/21513178?previous_page_section_name=1000&federated_search_id=5a4cc652-a979-47fe-b2e4-d9e5d88d9790
The 'Salgame Retreat',Entire guest suite in Alakabelalu,3 guests - 1 bedroom - 2 beds - 1 bathroom,Wifi - Self check-in - Kitchen - Free parking,"Rs.2,500",4.89,47,https://www.airbnb.co.in/rooms/27530015?previous_page_section_name=1000&federated_search_id=5a4cc652-a979-47fe-b2e4-d9e5d88d9790
Home coming :),Private room in Bengaluru,2 guests - 1 bedroom - 1 bed - 1 private bathroom,Wifi - Lift - Pets allowed,"Rs.1,281",4.57,8,https://www.airbnb.co.in/rooms/19919125?previous_page_section_name=1000&federated_search_id=5a4cc652-a979-47fe-b2e4-d9e5d88d9790
"Fully serviced rooms by Sankey Tank, Bangalore",Hotel room in Bengaluru,2 guests - 1 bedroom - 1 bed - 1 bathroom,Wifi - Lift - Breakfast - Air conditioning,"Rs.1,700",4.59,17,https://www.airbnb.co.in/rooms/36088385?previous_page_section_name=1000&federated_search_id=5a4cc652-a979-47fe-b2e4-d9e5d88d9790
COUPLE FRIENDLY LITTLE GREECE,Entire flat in Bengaluru,2 guests - 1 bedroom - 1 bed - 1 bathroom,Wifi - Washing machine - Lift - Self check-in,"Rs.1,042",4.0,11,https://www.airbnb.co.in/rooms/31918514?previous_page_section_name=1000&federated_search_id=5a4cc652-a979-47fe-b2e4-d9e5d88d9790
"Entire 1 BHK ,couple friendly, 1 km frm forum mall",Entire flat in Bengaluru,2 guests - 1 bedroom - 1 bed - 1 bathroom,Wifi - Washing machine - Lift - Self check-in,"Rs.1,350",4.75,4,https://www.airbnb.co.in/rooms/40808329?previous_page_section_name=1000&federated_search_id=5a4cc652-a979-47fe-b2e4-d9e5d88d9790
‚òÖ Sunny 3 Bedroom Penthouse - Master ‚òÖ,Room in serviced apartment in Bengaluru,2 guests - 1 bedroom - 1 bed - 1 private bathroom,Wifi - Lift - Air conditioning - Kitchen,"Rs.1,499",4.44,9,https://www.airbnb.co.in/rooms/35746752?previous_page_section_name=1000&federated_search_id=5a4cc652-a979-47fe-b2e4-d9e5d88d9790
A minimalist's dream! Perfect for work / yoga trip,Private room in Bengaluru,2 guests - 1 bedroom - 0 beds - 1 private bathroom,Wifi - Washing machine - Self check-in - Dryer,Rs.800,5.0,3,https://www.airbnb.co.in/rooms/45857788?previous_page_section_name=1000&federated_search_id=5a4cc652-a979-47fe-b2e4-d9e5d88d9790
